-0.00029785,0,0
-0.0002957,-0.0008472,-1.2563e-05
-0.00029355,-0.0021035,1.104e-06
-0.0002914,-0.0083704,3.43e-06
-0.00028925,-0.01371,-1.157e-05
-0.0002871,-0.013724,-4.26e-06
-0.00028495,0.00020453,5.3628e-05
-0.0002828,-0.0083848,4.2199e-05
-0.00028065,0.0021984,6.1516e-05
-0.0002785,0.00020453,6.6057e-05
-0.00027635,0.00020453,4.9212e-05
-0.0002742,-0.0034691,9.0475e-05
-0.00027205,-0.0076472,9.1271e-05
-0.0002699,-0.00021893,0.00011239
-0.00026775,-0.0076472,0.00013819
-0.0002656,-0.0047112,0.00014769
-0.00026345,0.00020453,0.00017838
-0.0002613,0.00020453,0.00020434
-0.00025915,-0.0087942,0.0002413
-0.000257,9.5212e-05,0.00022674
-0.00025485,0.00020453,0.00024607
-0.0002527,-0.0050392,0.00028897
-0.00025055,-0.0037691,0.00032671
-0.0002484,-0.0025128,0.00036191
-0.00024625,-0.0012566,0.00035877
-0.0002441,-2.8e-07,0.00040283
-0.00024195,0.00020453,0.00042629
-0.0002398,-0.0053395,0.00045485
-0.00023765,-0.0076472,0.00047391
-0.0002355,0.003236,0.00050935
-0.00023335,-0.011949,0.00051792
-0.0002312,-0.00031442,0.00054648
-0.00022905,-0.014762,0.00058004
-0.0002269,-0.0056536,0.00059992
-0.00022475,0.00020453,0.00060973
-0.0002226,-0.0064867,0.00064338
-0.00022045,-0.0076472,0.00063736
-0.0002183,-0.013833,0.00065888
-0.00021615,-0.015076,0.00066158
-0.000214,-0.0059678,0.0006757
-0.00021185,-0.0047115,0.0007004
-0.0002097,-0.011307,0.00072529
-0.00020755,-0.0076472,0.00072916
-0.0002054,-0.0076472,0.00072236
-0.00020325,-0.0075382,0.0007474
-0.0002011,-0.0011608,0.0007677
-0.00019895,-0.012877,0.00072865
-0.0001968,-0.0075512,0.00076315
-0.00019465,-0.0076472,0.00074725
-0.0001925,0.0065949,0.00074866
-0.00019035,-0.015089,0.00077245
-0.0001882,0.00020453,0.00075629
-0.00018605,0.00020453,0.00073308
-0.0001839,-0.0033592,0.00072405
-0.00018175,-0.0046155,0.00074892
-0.0001796,-0.0058717,0.0007193
-0.00017745,0.00020453,0.00073451
-0.0001753,-0.0083843,0.00068311
-0.00017315,-0.0036606,0.00069255
-0.000171,-0.003045,0.00068251
-0.00016885,-0.0043013,0.00066954
-0.0001667,0.00020453,0.00064992
-0.00016455,-0.0068139,0.00062519
-0.0001624,0.00020453,0.00061558
-0.00016025,0.0018837,0.00059721
-0.0001581,0.00020453,0.00059597
-0.00015595,-0.0034555,0.00061643
-0.0001538,-0.0076472,0.00053879
-0.00015165,-0.0076472,0.00054648
-0.0001495,0.00020453,0.00054648
-0.00014735,0.0015696,0.00053201
-0.0001452,-0.0050381,0.00049416
-0.00014305,-0.003673,0.00046459
-0.0001409,-0.010365,0.00048584
-0.00013875,-0.0061856,0.00045694
-0.0001366,-0.0074418,0.00047739
-0.00013445,-0.00084636,0.00043762
-0.0001323,-0.0021026,0.0004249
-0.00013015,-0.0033589,0.00042428
-0.000128,0.00020453,0.00045213
-0.00012585,-0.003347,0.00039169
-0.0001237,-0.00031498,0.00041374
-0.00012155,-0.014762,0.00041673
-0.0001194,-0.0017885,0.00036422
-0.00011725,-0.0076472,0.00040353
-0.0001151,-0.0031417,0.00036618
-0.00011295,-0.011319,0.00033752
-0.0001108,-0.0076472,0.0003706
-0.00010865,-0.0072246,0.00034021
-0.0001065,-0.0014744,0.00035895
-0.00010435,-0.0017769,0.00031959
-0.0001022,-0.0039869,0.00031492
-0.00010005,0.00020453,0.00032086
-9.79e-05,-0.00094325,0.00030518
-9.575e-05,-0.0076472,0.00029592
-9.36e-05,-0.0062825,0.00031708
-9.145e-05,0.0054353,0.00031199
-8.93e-05,0.00030171,0.00031353
-8.715e-05,-0.004929,0.00030996
-8.5e-05,0.00020453,0.00029172
-8.285e-05,0.00020453,0.00027059
-8.07e-05,-0.0065966,0.0002429
-7.855e-05,0.0057494,0.00027897
-7.64e-05,0.00092998,0.00025015
-7.425e-05,0.0032369,0.00026767
-7.21e-05,-0.0058712,0.000263
-6.995e-05,-0.0076472,0.00026008
-6.78e-05,-0.0076472,0.00022672
-6.565e-05,0.00020453,0.00019801
-6.35e-05,-0.0043982,0.00021292
-6.135e-05,-0.0043008,0.0001903
-5.92e-05,-0.0076472,0.00017421
-5.705e-05,-0.0076472,0.00017254
-5.49e-05,-0.0002178,0.0001623
-5.275e-05,-0.00429,0.00015929
-5.06e-05,-0.0096292,9.105e-05
-4.845e-05,-0.0034561,9.4645e-05
-4.63e-05,-0.0052429,7.1019e-05
-4.415e-05,-0.0064992,8.3347e-05
-4.2e-05,9.6334e-05,5.0511e-05
-3.985e-05,-0.0011599,4.6153e-05
-3.77e-05,-0.0050265,-6.256e-06
-3.555e-05,-0.0076472,6.438e-06
-3.34e-05,-0.010062,-1.4738e-05
-3.125e-05,-0.006185,-1.7675e-05
-2.91e-05,-0.0076472,-5.5215e-05
-2.695e-05,-0.0086976,-2.9727e-05
-2.48e-05,-0.0099538,-2.5871e-05
-2.265e-05,-0.011936,-4.5132e-05
-2.05e-05,0.0019911,-5.7398e-05
-1.835e-05,-0.0058709,-5.227e-05
-1.62e-05,0.00020453,-5.5285e-05
-1.405e-05,-0.0076472,-5.0251e-05
-1.19e-05,-0.0017879,-3.7783e-05
-9.75e-06,-0.0076472,-4.1803e-05
-7.6e-06,-0.0043005,-2.1522e-05
-5.45e-06,-0.0018859,-2.0965e-05
-3.3e-06,-0.0084814,-2.277e-06
-1.15e-06,-0.0072252,-5.606e-06
1e-06,-0.0048305,5.2936e-05
3.15e-06,3.9631,0.00048944
5.3e-06,14.39,0.0015493
7.45e-06,28.734,0.0029388
9.6e-06,43.725,0.0044369
1.175e-05,58.313,0.005837
1.39e-05,72.333,0.0072261
1.605e-05,85.638,0.0085552
1.82e-05,97.691,0.0097349
2.035e-05,107.51,0.01068
2.25e-05,115.6,0.011448
2.465e-05,121.94,0.012046
2.68e-05,126.22,0.012467
2.895e-05,128.22,0.012665
3.11e-05,127.86,0.012633
3.325e-05,125.23,0.012397
3.54e-05,119.89,0.011918
3.755e-05,112.63,0.011248
3.97e-05,103.59,0.01042
4.185e-05,92.9,0.0093371
4.4e-05,79.993,0.0081054
4.615e-05,65.046,0.0067076
4.83e-05,49.865,0.0052606
5.045e-05,33.814,0.0037637
5.26e-05,17.071,0.0021466
5.475e-05,-1.1528,0.00040536
5.69e-05,-17.942,-0.0011784
5.905e-05,-34.505,-0.0027574
6.12e-05,-50.616,-0.0042983
6.335e-05,-66.998,-0.0058229
6.55e-05,-81.065,-0.0071249
6.765e-05,-93.672,-0.0082872
6.98e-05,-104.29,-0.009288
7.195e-05,-113.58,-0.010142
7.41e-05,-120.66,-0.010808
7.625e-05,-125.24,-0.011233
7.84e-05,-127.73,-0.011389
8.055e-05,-128.2,-0.011385
8.27e-05,-125.62,-0.011114
8.485e-05,-121.42,-0.010677
8.7e-05,-114.9,-0.010026
8.915e-05,-106.43,-0.0091622
9.13e-05,-95.25,-0.0080415
9.345e-05,-82.878,-0.006862
9.56e-05,-69.26,-0.0055182
9.775e-05,-54.429,-0.0041073
9.99e-05,-37.658,-0.0024998
0.00010205,-21.573,-0.0010014
0.0001042,-12.497,-0.0001255
0.00010635,-8.2489,0.00025943
0.0001085,-5.6758,0.00048098
0.00011065,-4.0961,0.00058348
0.0001128,-2.9663,0.00062436
0.00011495,-2.3029,0.00064789
0.0001171,-1.8961,0.00067839
0.00011925,-1.3133,0.00073424
0.0001214,-0.85902,0.00072044
0.00012355,-0.55991,0.00073282
0.0001257,-0.43939,0.000716
0.00012785,-0.38181,0.00069095
0.00013,-0.32957,0.00064933
0.00013215,-0.30601,0.00067112
0.0001343,-0.29031,0.00060385
0.00013645,-0.24551,0.00057789
0.0001386,-0.19463,0.00053049
0.00014075,-0.16165,0.00049723
0.0001429,-0.13935,0.00046743
0.00014505,-0.1249,0.000433
0.0001472,-0.1026,0.00040201
0.00014935,-0.084173,0.00034698
0.0001515,-0.073709,0.00033032
0.00015365,-0.067114,0.00029615
0.0001558,-0.052666,0.00027891
0.00015795,-0.039889,0.00022813
0.0001601,-0.039054,0.00018844
0.00016225,-0.031203,0.00015478
0.0001644,-0.036121,0.00012563
0.00016655,-0.039054,0.00010428
0.0001687,-0.036649,7.2036e-05
0.00017085,-0.031203,3.0333e-05
0.000173,-0.023351,3.1236e-05
0.00017515,-0.031203,-2.8963e-05
0.0001773,-0.02597,-3.5593e-05
0.00017945,-0.027227,-6.8936e-05
0.0001816,-0.023351,-8.7694e-05
0.00018375,-0.016962,-8.1973e-05
0.0001859,-0.015706,-0.00010712
0.00018805,-0.022302,-0.00012227
0.0001902,-0.02011,-0.00014707
0.00019235,-0.014771,-0.00015989
0.0001945,-0.012465,-0.00017888
0.00019665,-0.011944,-0.00015443
0.0001988,-0.00083786,-0.00018174
0.00020095,-0.0083823,-0.00020435
0.0002031,-0.021359,-0.00020879
0.00020525,-0.010895,-0.00020663
0.0002074,-0.0076472,-0.000218
0.00020955,-0.0076472,-0.00019346
0.0002117,-0.016334,-0.00021945
0.00021385,-0.01592,-0.00021323
0.000216,-0.021674,-0.00021046
0.00021815,-0.015499,-0.00015793
0.0002203,-0.019689,-0.00017715
0.00022245,-0.025756,-0.00017011
0.0002246,-0.01435,-0.00016408
0.00022675,-0.015392,-0.00013234
0.0002289,-0.0076472,-0.00013767
0.00023105,-0.01288,-0.00011725
0.0002332,-0.0037716,-7.5618e-05
0.00023535,-0.010367,-7.9483e-05
0.0002375,-0.014035,-5.2593e-05
0.00023965,-0.030788,-2.4794e-05
0.0002418,-0.0086962,2.1769e-05
0.00024395,-0.0044059,1.0718e-05
0.0002461,-0.011938,3.9954e-05
0.00024825,-0.0076472,4.7397e-05
0.0002504,-0.0076472,8.6517e-05
0.00025255,-0.0076472,9.5055e-05
0.0002547,-0.015499,0.00014429
0.00025685,-0.011629,0.00018658
0.000259,-0.015499,0.00017002
0.00026115,-0.012151,0.000218
0.0002633,-0.0076472,0.00024037
0.00026545,-0.015499,0.00025887
0.0002676,-0.022509,0.00024767
0.00026975,-0.015499,0.00033877
0.0002719,-0.015499,0.00033844
0.00027405,-0.01131,0.00037688
0.0002762,-0.015499,0.00040201
0.00027835,-0.0064975,0.0004397
0.0002805,-0.015392,0.00047722
0.00028265,-0.020625,0.00049187
0.0002848,-0.018118,0.00053184
0.00028695,-0.011624,0.00054044
0.0002891,-0.020631,0.00059431
0.00029125,-0.0076472,0.00061089
0.0002934,-0.0078548,0.00067111
0.00029555,-0.015499,0.00063986
0.0002977,-0.017804,0.0006773
0.00029985,-0.011938,0.00070695
0.000302,-0.015499,0.00076005
0.00030415,-0.0076472,0.00079656
0.0003063,-0.023351,0.00078015
0.00030845,-0.014764,0.00078124
0.0003106,-0.015499,0.00084958
0.00031275,-0.0044002,0.00085252
0.0003149,-0.010996,0.00087589
0.00031705,-0.021259,0.00095395
0.0003192,-0.014663,0.00093954
0.00032135,-0.0072268,0.00094288
0.0003235,-0.015499,0.00096642
0.00032565,-0.01058,0.00097831
0.0003278,-0.0076472,0.0010322
0.00032995,-0.013093,0.0010084
0.0003321,-0.015499,0.0010643
0.00033425,-0.015499,0.0010618
0.0003364,-0.020626,0.0010719
0.00033855,-0.015499,0.0010804
0.0003407,-0.011624,0.0011055
0.00034285,-0.018219,0.0011101
0.000345,-0.015499,0.0011244
0.00034715,-0.015291,0.0011249
0.0003493,-0.0029406,0.0011265
0.00035145,-0.013194,0.0011292
0.0003536,-0.0076472,0.0011375
0.00035575,-0.023351,0.0011394
0.0003579,-0.019794,0.0011147
0.00036005,-0.021785,0.0011428
0.0003622,-0.0091157,0.0011136
0.00036435,-0.015499,0.0011275
0.0003665,-0.0076472,0.0011307
0.00036865,-0.015499,0.0011136
0.0003708,-0.0097397,0.0011051
0.00037295,-0.015499,0.0011105
0.0003751,-0.015919,0.0010721
0.00037725,-0.0093236,0.0010616
0.0003794,-0.0056607,0.001049
0.00038155,-0.011836,0.0010256
0.0003837,-0.002202,0.0010007
0.00038585,-0.0076472,0.00098894
0.000388,-0.015499,0.0009361
0.00039015,-0.006285,0.00090862
0.0003923,-0.0076472,0.00089615
0.00039445,-0.015499,0.0008887
0.0003966,-0.0076472,0.00081851
0.00039875,-0.0091117,0.00082446
0.0004009,-0.015291,0.00075477
0.00040305,-0.013403,0.00073241
0.0004052,-0.015499,0.00068099
0.00040735,-0.015499,0.00065436
0.0004095,-0.012464,0.00060972
0.00041165,-0.015499,0.00054874
0.0004138,-0.015499,0.00056785
0.00041595,-0.0076472,0.00049271
0.0004181,-0.0096374,0.00045076
0.00042025,-0.0076472,0.0004072
0.0004224,-0.020002,0.00034381
0.00042455,-0.013406,0.00028349
0.0004267,-0.0076472,0.00021691
0.00042885,-0.015079,0.00012932
0.000431,-0.0093233,0.00012337
0.00043315,-0.01058,8.8696e-05
0.0004353,-0.012361,2.4705e-05
0.00043745,-0.0076472,-1.421e-06
0.0004396,-0.015499,-5.2254e-05
0.00044175,-0.0076472,-0.00010695
0.0004439,-0.0076472,-0.00016415
0.00044605,-0.010265,-0.00021357
0.0004482,-0.011624,-0.00027035
0.00045035,-0.012778,-0.00028727
0.0004525,-0.009112,-0.00033099
0.00045465,-0.015291,-0.00035921
0.0004568,-0.021255,-0.00040285
0.00045895,-0.013195,-0.0004438
0.0004611,-0.011208,-0.00046081
0.00046325,-0.0076472,-0.00047797
0.0004654,-0.0094261,-0.00052018
0.00046755,-0.0081698,-0.00055235
0.0004697,-0.014765,-0.00053057
0.00047185,-0.0096372,-0.00056223
0.000474,-0.012253,-0.00057312
0.00047615,-0.0076472,-0.00059858
0.0004783,-0.015499,-0.00056448
0.00048045,-0.0006322,-0.00057362
0.0004826,-0.01466,-0.00057923
0.00048475,-0.0076472,-0.00055276
0.0004869,-0.012567,-0.00054807
0.00048905,-0.0076472,-0.00054815
0.0004912,-0.0052401,-0.00050059
0.00049335,-0.0087981,-0.00047127
0.0004955,-0.0077526,-0.00046474
0.00049765,-0.0090089,-0.00042303
0.0004998,-0.0076472,-0.00038317
0.00050195,-0.015499,-0.00034556
0.0005041,-0.012778,-0.00033099
0.00050625,-0.015499,-0.00028862
0.0005084,-0.01529,-0.00024397
0.00051055,-0.014451,-0.00017713
0.0005127,-0.009951,-0.00015553
0.00051485,-0.0076472,-8.7276e-05
0.000517,-0.010683,-1.5834e-05
0.00051915,-0.0094264,3.0819e-05
0.0005213,0.00072741,7.6213e-05
0.00052345,-0.014766,0.00010578
0.0005256,-0.015499,0.00022923
0.00052775,-0.0076472,0.0002768
0.0005299,-0.018849,0.00034824
0.00053205,-0.0097405,0.00039866
0.0005342,-0.014662,0.00046884
0.00053635,-0.0076472,0.00055176
0.0005385,-0.0031465,0.0006057
0.00054065,-0.0027273,0.00069338
0.0005428,-0.0076472,0.00078853
0.00054495,-0.010055,0.00084992
0.0005471,-0.015499,0.00088476
0.00054925,-0.015394,0.00097973
0.0005514,-0.0090086,0.0010091
0.00055355,-0.010265,0.0010741
0.0005557,-0.0037733,0.0011304
0.00055785,-0.017908,0.0011502
0.00056,-0.0076472,0.001208
0.00056215,-0.0076472,0.0012442
0.0005643,-0.0076472,0.0013124
0.00056645,-0.015499,0.0013678
0.0005686,-0.015499,0.0014196
0.00057075,-0.015499,0.0014834
0.0005729,-0.017278,0.0014867
0.00057505,-0.0081704,0.0015327
0.0005772,-0.015499,0.0015464
0.00057935,-0.0096366,0.0015327
0.0005815,-0.0044016,0.0015253
0.00058365,-0.012149,0.0014725
0.0005858,-0.013405,0.001428
0.00058795,-0.0076472,0.0013671
0.0005901,-0.015499,0.001375
0.00059225,-0.005972,0.0013196
0.0005944,-0.002727,0.0012735
0.00059655,-0.0076472,0.0012039
0.0005987,-0.015499,0.0011809
0.00060085,-0.0087987,0.0011979
0.000603,-0.023246,0.0011804
0.00060515,-0.014138,0.0012112
0.0006073,-0.0076472,0.0012207
0.00060945,-0.0075428,0.001228
0.0006116,-0.015499,0.0012188
0.00061375,-0.014033,0.0012355
0.0006159,-0.015499,0.0012551
0.00061805,-0.015499,0.0012257
0.0006202,-0.013196,0.0012338
0.00062235,-0.011207,0.0012808
0.0006245,-0.012463,0.0012427
0.00062665,-0.013719,0.0012229
0.0006288,-0.0081707,0.0012554
0.00063095,-0.014766,0.0012425
0.0006331,-0.015499,0.0012358
0.00063525,-0.0090082,0.0011946
0.0006374,-0.012149,0.0011683
0.00063955,-0.021257,0.0011068
0.0006417,-0.016337,0.0010443
0.00064385,-0.015499,0.00094916
0.000646,-0.0093222,0.00085335
0.00064815,-0.015499,0.00070268
0.0006503,-0.011311,0.00054858
0.00065245,-0.013091,0.00047646
0.0006546,-0.015499,0.00032295
0.00065675,-0.015499,0.00023325
0.0006589,-0.020629,0.00010268
0.00066105,-0.015499,5.025e-05
0.0006632,-0.019372,-6.114e-06
0.00066535,-0.015499,-6.717e-05
0.0006675,-0.020419,-9.0285e-05
0.00066965,-0.015499,-0.00011868
0.0006718,-0.014452,-0.00010302
0.00067395,-0.0099502,-0.00017555
0.0006761,-0.01194,-0.00020327
0.00067825,-0.015499,-0.0002778
0.0006804,-0.015499,-0.0003526
0.00068255,-0.022827,-0.0004464
0.0006847,-0.0076472,-0.00052354
0.00068685,-0.011625,-0.00059648
0.000689,-0.0076472,-0.00069313
0.00069115,-0.0076472,-0.00074565
0.0006933,-0.0097414,-0.00081365
0.00069545,-0.021675,-0.00081926
0.0006976,-0.0076472,-0.00083015
0.00069975,-0.0076472,-0.00079682
0.0007019,-0.015499,-0.00077889
0.00070405,-0.0039827,-0.00073283
0.0007062,-0.015499,-0.00062957
0.00070835,-0.0087992,-0.00055092
0.0007105,-0.015499,-0.0004902
0.00071265,-0.0090078,-0.00039187
0.0007148,-0.010264,-0.00031825
0.00071695,-0.011626,-0.00027621
0.0007191,-0.0076472,-0.00018191
0.00072125,-0.012567,-0.00013861
0.0007234,-0.015289,-8.1323e-05
0.00072555,-0.0076472,-1.4653e-05
0.0007277,-0.010894,-1.8844e-05
0.00072985,-0.0076472,3.434e-06
0.000732,-0.012462,4.8411e-05
0.00073415,-0.0094275,7.8225e-05
0.0007363,-0.00084347,0.00010636
0.00073845,-0.0076472,0.00016156
0.0007406,-0.0076472,0.00015544
0.00074275,-0.010892,0.00020988
0.0007449,-0.0076472,0.00028174
0.00074705,-0.0076472,0.00029397
0.0007492,-0.0084854,0.00034883
0.00075135,-0.015499,0.00037688
0.0007535,-0.020002,0.0004258
0.00075565,-0.0076472,0.00047345
0.0007578,-0.011312,0.00048367
0.00075995,-0.0076472,0.00054213
0.0007621,-0.00094774,0.00056608
0.00076425,-0.0075432,0.00054623
0.0007664,-0.0090075,0.00054623
0.00076855,-0.0076472,0.00053811
0.0007707,-0.01152,0.00051482
0.00077285,-0.0079635,0.00050854
0.000775,-0.0091136,0.00048443
0.00077715,-0.0078574,0.00052068
0.0007793,-0.00084159,0.0005779
0.00078145,-0.0099496,0.00060193
0.0007836,-0.011206,0.00066877
0.00078575,-0.010684,0.0007572
0.0007879,-0.0076472,0.00085738
0.00079005,-0.00031975,0.0010243
0.0007922,-0.0076472,0.0011568
0.00079435,-0.0076472,0.0012343
0.0007965,-0.015499,0.0013245
0.00079865,-0.012148,0.0013836
0.0008008,-0.0076472,0.0014481
0.00080295,-0.015499,0.0014755
0.0008051,-0.015499,0.0014368
0.00080725,-0.013825,0.00139
0.0008094,-0.0076472,0.0012853
0.00081155,-0.011834,0.001188
0.0008137,-0.015499,0.0010678
0.00081585,-0.0087998,0.00098157
0.000818,0.00010082,0.00085435
0.00082015,-0.012779,0.00076331
0.0008223,-0.010263,0.00068049
0.00082445,-0.015499,0.00063115
0.0008266,-0.017905,0.00062839
0.00082875,-0.015499,0.00069372
0.0008309,-0.0076472,0.00075478
0.00083305,-0.015499,0.00086767
0.0008352,-0.0099493,0.0010464
0.00083735,-0.015499,0.0013032
0.0008395,-0.012462,0.0015183
0.00084165,-0.013718,0.0017613
0.0008438,-0.0076472,0.0020465
0.00084595,-0.014767,0.0023216
0.0008481,-0.0096352,0.0025139
0.00085025,-0.012255,0.0026751
0.0008524,-0.0031467,0.0027334
0.00085455,-0.0055523,0.0027425
0.0008567,-0.0084859,0.0026117
0.00085885,-0.015499,0.0024395
0.000861,-0.015499,0.0021504
0.00086315,-0.012569,0.0017633
0.0008653,-0.011313,0.0013739
0.00086745,-0.012465,0.00085341
0.0008696,-0.014346,0.00028381
0.00087175,-0.0076472,-0.00023687
0.0008739,-0.014139,-0.00081669
0.00087605,-0.0076472,-0.0013463
0.0008782,-0.011519,-0.0018756
0.00088035,-0.015499,-0.0023259
0.0008825,-0.0012624,-0.0027139
0.00088465,-0.0078579,-0.003067
0.0008868,-0.0076472,-0.0033476
0.00088895,-0.013197,-0.0035701
0.0008911,-0.011205,-0.0037512
0.00089325,-0.0076472,-0.0039194
0.0008954,-0.019789,-0.0040766
0.00089755,-0.014974,-0.0041905
0.0008997,-0.0083787,-0.004268
0.00090185,-0.0076472,-0.0044127
0.000904,-0.0030394,-0.0045694
0.00090615,-0.01435,-0.0046634
0.0009083,-0.005552,-0.0047567
0.00091045,-0.0084862,-0.0048241
0.0009126,-0.0072299,-0.0048737
0.00091475,-0.001469,-0.0048677
0.0009169,-0.0096393,-0.0047746
0.00091905,-0.0076472,-0.004621
0.0009212,-0.0022049,-0.0044072
0.00092335,-0.015499,-0.0041051
0.0009255,-0.0076472,-0.0037255
0.00092765,-0.0090066,-0.0032859
0.0009298,-0.0076472,-0.0027617
0.00093195,-0.011519,-0.0021408
0.0009341,-0.0049237,-0.0014905
0.00093625,-0.0076472,-0.00077978
0.0009384,-0.0080692,-3.2456e-05
0.00094055,-0.014454,0.00074753
0.0009427,-0.0053457,0.0016423
0.00094485,-0.0076472,0.0025609
0.000947,-0.0076472,0.0035337
0.00094915,-0.013718,0.0045516
0.0009513,-0.0081723,0.005789
0.00095345,-0.0083784,0.006962
0.0009556,-0.013512,0.0082384
0.00095775,-0.010891,0.009493
0.0009599,-0.010999,0.010844
0.00096205,-0.0055517,0.012154
0.0009642,-0.015499,0.013342
0.00096635,-0.0076472,0.014479
0.0009685,-0.0059739,0.015485
0.00097065,-0.010577,0.016275
0.0009728,-0.0076472,0.016865
0.00097495,-0.0052376,0.017169
0.0009771,-0.0076472,0.017253
0.00097925,-0.0076472,0.016955
0.0009814,-0.0076472,0.016413
0.00098355,-0.010263,0.015653
0.0009857,-0.0036671,0.014571
0.00098785,-0.0049234,0.013202
0.00099,-0.0091148,0.011695
0.00099215,-0.0076472,0.010063
0.0009943,-0.0066022,0.008347
0.00099645,-0.0076472,0.0065193
0.0009986,-0.011941,0.0045543
0.0010007,-0.0028334,0.002712
0.0010029,-0.015499,0.00095381
0.0010051,-0.0081726,-0.00072248
0.0010072,-0.0076472,-0.0025122
0.0010094,-0.0076472,-0.0040141
0.0010115,-0.010891,-0.005396
0.0010137,-0.0064996,-0.0067152
0.0010158,-0.0076472,-0.007946
0.001018,-0.0076472,-0.0089931
0.0010201,-0.0076472,-0.0099337
0.0010222,-0.0076472,-0.010675
0.0010244,-0.01257,-0.011395
0.0010266,-0.0076472,-0.012049
0.0010287,-0.0076472,-0.012503
0.0010309,-0.014345,-0.012928
0.001033,0.00020453,-0.013241
0.0010352,-0.0062884,-0.013502
0.0010373,-0.012884,-0.013643
0.0010394,-0.011628,-0.013665
0.0010416,-0.012775,-0.013607
0.0010438,-0.009115,-0.013395
0.0010459,-0.0078588,-0.013086
0.0010481,-0.022306,-0.012626
0.0010502,-0.0099482,-0.01209
0.0010524,-0.0026155,-0.011438
0.0010545,0.0019798,-0.010694
0.0010566,-0.0076472,-0.0099298
0.0010588,0.00020453,-0.0090946
0.001061,-0.0069166,-0.0082747
0.0010631,-0.0076472,-0.007317
0.0010653,-0.0030386,-0.0064391
0.0010674,-0.0042949,-0.0055361
0.0010696,-0.0076472,-0.004605
0.0010717,-0.0076472,-0.0036495
0.0010739,0.00020453,-0.0027338
0.001076,-0.0076472,-0.0017853
0.0010781,-0.018428,-0.00086465
0.0010803,-0.011314,0.00014118
0.0010825,-0.013089,0.0011106
0.0010846,-0.0076472,0.00204
0.0010868,-0.0076472,0.0029422
0.0010889,-0.01414,0.0037906
0.0010911,-0.012884,0.0045729
0.0010932,-0.011628,0.0051962
0.0010953,-0.0025198,0.005752
0.0010975,-0.014031,0.0061404
0.0010997,-0.023139,0.0064206
0.0011018,-0.014455,0.0065611
0.001104,-0.0020962,0.0066154
0.0011061,-0.0076472,0.0065777
0.0011083,-0.0076472,0.0064585
0.0011104,-0.015499,0.0062629
0.0011125,-0.0081732,0.0060779
0.0011147,-0.014038,0.0058744
0.0011169,-0.017486,0.0057664
0.001119,-0.0062812,0.0056193
0.0011212,-0.0076472,0.0055366
0.0011233,-0.013403,0.0054786
0.0011255,-0.0076472,0.0054662
0.0011276,-0.015499,0.0054767
0.0011297,-0.013827,0.0054563
0.0011319,-0.015499,0.0054263
0.001134,-0.011314,0.0054246
0.0011362,-0.01853,0.0052846
0.0011384,-0.013191,0.0051757
0.0011405,-0.015397,0.0049759
0.0011427,-0.014141,0.0047137
0.0011448,-0.0076472,0.0044053
0.001147,-0.011628,0.0040821
0.0011491,-0.0076472,0.0037429
0.0011512,-0.0076472,0.0033834
0.0011534,-0.0078593,0.0030553
0.0011556,-0.0097356,0.0026599
0.0011577,-0.0099477,0.0023074
0.0011599,-0.0040905,0.0019962
0.001162,-0.005873,0.0017272
0.0011642,-0.0076472,0.0014439
0.0011663,-0.0081735,0.0011872
0.0011684,-0.0083773,0.00093563
0.0011706,-0.0076472,0.00077579
0.0011728,-0.01089,0.00060752
0.0011749,-0.012146,0.00041464
0.0011771,-0.013402,0.00029437
0.0011792,-0.0076472,0.00015659
0.0011814,-0.015499,4.99e-06
0.0011835,-0.0014676,-7.0957e-05
0.0011856,-0.010576,-0.00013829
0.0011878,-0.0076472,-0.00017377
0.0011899,-0.0076472,-0.00018894
0.0011921,-0.015499,-0.00013653
0.0011943,1.034e-06,-8.174e-05
0.0011964,-0.0076472,4.5668e-05
0.0011986,-0.0076472,0.00016541
0.0012007,-0.0076472,0.00036122
0.0012029,-0.0025204,0.00058853
0.001205,-0.0061786,0.00076317
0.0012071,-0.0074348,0.00096785
0.0012093,-0.0086911,0.0011533
0.0012115,-0.021051,0.0013025
0.0012136,-0.011204,0.0013836
0.0012158,0.00020453,0.0013935
0.0012179,-0.0076472,0.0013588
0.0012201,-0.0076472,0.0012194
0.0012222,-0.0076472,0.0010559
0.0012243,0.00020453,0.0008355
0.0012265,-0.0076472,0.00053433
0.0012287,-0.0031487,0.00020199
0.0012308,-0.0097442,-0.00017802
0.001233,-0.015499,-0.00053548
0.0012351,-0.0076472,-0.00090349
0.0012373,-0.015499,-0.0012591
0.0012394,-0.010575,-0.0016161
0.0012415,-0.011832,-0.0019041
0.0012437,0.00020453,-0.0021385
0.0012459,-0.014344,-0.0023127
0.001248,-0.0076472,-0.0024934
0.0012502,-0.009005,-0.0025472
0.0012523,-0.010271,-0.0025524
0.0012545,-0.0076472,-0.0024874
0.0012566,-0.012774,-0.0023405
0.0012588,-0.012561,-0.0021486
0.0012609,-0.0076472,-0.0019073
0.001263,-0.0086908,-0.001608
0.0012652,-0.0053474,-0.0012914
0.0012674,-0.011943,-0.00086542
0.0012695,-0.010687,-0.00050029
0.0012717,-0.0076472,-0.00012022
0.0012738,-0.0076472,0.00025551
0.001276,-0.01477,0.00066161
0.0012781,-0.0076472,0.001022
0.0012802,-0.015499,0.0012533
0.0012824,-0.0076472,0.0015406
0.0012846,-0.0076472,0.0017969
0.0012867,-0.0084882,0.0020029
0.0012889,-0.015084,0.0021277
0.001291,-0.013827,0.0022618
0.0012932,-0.0076472,0.002376
0.0012953,-0.0076472,0.0024535
0.0012974,-0.020939,0.0024763
0.0012996,-0.0076472,0.0025142
0.0013018,-0.0077484,0.0024878
0.0013039,-0.0090047,0.0024632
0.0013061,-0.012875,0.0024079
0.0013082,-0.011629,0.0023557
0.0013104,-0.002521,0.00224
0.0013125,-0.01403,0.0021491
0.0013147,-0.0076472,0.0019583
0.0013168,-0.0076472,0.0017504
0.0013189,-0.0076472,0.0014912
0.0013211,-0.0033513,0.0011973
0.0013233,-0.0076472,0.00084495
0.0013254,-0.0094306,0.00044085
0.0013276,-0.00032255,1.88e-05
0.0013297,-0.015499,-0.00039326
0.0013319,-0.0076472,-0.00084915
0.001334,-0.0076472,-0.0012858
0.0013361,-0.011001,-0.0017551
0.0013383,-0.0076472,-0.0021282
0.0013405,-0.0014779,-0.0024556
0.0013426,-0.0076472,-0.0027565
0.0013448,-0.0093185,-0.0029627
0.0013469,-0.0047196,-0.0030976
0.0013491,-0.0039793,-0.0031637
0.0013512,0.00020453,-0.0032001
0.0013533,-0.0088026,-0.0032475
0.0013555,-0.015297,-0.0032098
0.0013577,-0.0025098,-0.0030961
0.0013598,-0.0076472,-0.0030046
0.001362,-0.011629,-0.0029017
0.0013641,-0.010373,-0.0027322
0.0013663,-0.014029,-0.002522
0.0013684,-0.0076472,-0.0023224
0.0013705,-0.015499,-0.0021084
0.0013727,-0.021051,-0.0018201
0.0013748,-0.019055,-0.0014931
0.001377,-0.0076472,-0.0011734
0.0013792,-0.0076472,-0.00083915
0.0013813,-0.0081746,-0.00050917
0.0013835,-0.01477,-0.00016636
0.0013856,-0.0096324,0.00010498
0.0013878,-0.0030369,0.00032842
0.0013899,-0.015499,0.00048903
0.001392,-0.015499,0.00056403
0.0013942,-0.014657,0.00056757
0.0013964,-0.015499,0.00047077
0.0013985,-0.0076472,0.00028253
0.0014007,-0.012572,4.465e-06
0.0014028,-0.011831,-0.00030866
0.001405,-0.010059,-0.00065322
0.0014071,-0.015499,-0.00096698
0.0014092,-0.015398,-0.0013681
0.0014114,-0.0090041,-0.0016598
0.0014136,-0.0076472,-0.0018991
0.0014157,-0.019481,-0.0020668
0.0014179,-0.012773,-0.002175
0.00142,-0.0076472,-0.0021258
0.0014222,-0.015499,-0.0020031
0.0014243,-0.0066045,-0.0018559
0.0014264,-0.0076472,-0.0015913
0.0014286,-0.0076472,-0.0012367
0.0014307,-0.0076472,-0.0008573
0.0014329,-0.0094311,-0.00039945
0.0014351,-0.0081749,4.2804e-05
0.0014372,-0.00052409,0.0006181
0.0014394,-0.0076472,0.0011225
0.0014415,-0.0076472,0.001702
0.0014437,-0.011002,0.0022789
0.0014458,-0.015499,0.0029653
0.0014479,-0.0076472,0.0035544
0.0014501,-0.015084,0.0041986
0.0014523,-0.012157,0.0047902
0.0014544,-0.010574,0.0054627
0.0014566,-0.0076472,0.0060596
0.0014587,-0.013087,0.0065833
0.0014609,-0.0088031,0.0070681
0.001463,-0.015499,0.0074489
0.0014651,-0.0076472,0.0077811
0.0014673,-0.0076472,0.0079983
0.0014695,-0.01163,0.0081222
0.0014716,-0.0025218,0.0081303
0.0014738,-0.0027356,0.008063
0.0014759,-0.0076472,0.0079684
0.0014781,-0.0086897,0.0077404
0.0014802,-0.0132,0.0074726
0.0014823,-0.0076472,0.0072316
0.0014845,-0.012459,0.0069466
0.0014867,-0.013715,0.0066957
0.0014888,-0.0076472,0.0064837
0.001491,-0.00052381,0.0063026
0.0014931,-0.0076472,0.0062122
0.0014953,-0.0062772,0.0061022
0.0014974,-0.0087898,0.0060544
0.0014996,-0.015499,0.0060301
0.0015017,-0.0084893,0.0060427
0.0015038,-0.0076472,0.0059938
0.001506,-0.013829,0.0059997
0.0015082,-0.012572,0.005859
0.0015103,-0.0034642,0.0057161
0.0015125,-0.0070329,0.0054736
0.0015146,-0.00095167,0.0051188
0.0015168,-0.0077473,0.0046999
0.0015189,-0.0062909,0.0041653
0.001521,-0.0050346,0.0035007
0.0015232,0.00020453,0.0027438
0.0015254,-0.0076472,0.0019384
0.0015275,-0.0076472,0.0010915
0.0015297,-0.0078613,4.0545e-05
0.0015318,-0.006605,-0.00092187
0.001534,-0.015499,-0.001887
0.0015361,-0.015499,-0.002898
0.0015382,-0.010688,-0.0039346
0.0015404,-0.01193,-0.0048952
0.0015426,-0.0076472,-0.0058217
0.0015447,-0.0012516,-0.0065906
0.0015469,-0.015499,-0.0072955
0.001549,-0.0076472,-0.0079876
0.0015512,-0.012144,-0.0084905
0.0015533,-0.0039927,-0.0088669
0.0015555,-0.021666,-0.0091825
0.0015576,-0.0076472,-0.0093517
0.0015597,-0.0014657,-0.0094248
0.0015619,-0.0076472,-0.009404
0.0015641,-0.0076472,-0.0093086
0.0015662,-0.0022082,-0.0091361
0.0015684,-0.0076472,-0.0089283
0.0015705,-0.0076472,-0.0087129
0.0015727,-0.0090033,-0.0084247
0.0015748,-0.018111,-0.008147
0.0015769,-0.0076472,-0.0078263
0.0015791,-0.0076472,-0.0075137
0.0015813,-0.0061766,-0.0072327
0.0015834,-0.0078616,-0.0070377
0.0015856,-0.0018793,-0.006667
0.0015877,-0.0076472,-0.0064676
0.0015899,-0.0076472,-0.0062653
0.001592,-0.0076472,-0.0060184
0.0015941,-0.013714,-0.0058003
0.0015963,-0.0081757,-0.005546
0.0015985,-0.00052325,-0.0053062
0.0016006,-0.0076472,-0.0049893
0.0016027,-0.012259,-0.0046298
0.0016049,-0.0076472,-0.0042427
0.0016071,-0.0134,-0.0037864
0.0016092,-0.0076472,-0.0033103
0.0016113,-0.015085,-0.0027308
0.0016135,-0.015499,-0.0020851
0.0016156,-0.010573,-0.0013931
0.0016178,-0.0081604,-0.00067199
0.00162,-0.0052342,5.2581e-05
0.0016221,-0.015499,0.00085248
0.0016243,0.00020453,0.0016993
0.0016264,-0.0011512,0.0024101
0.0016286,-0.0076472,0.0031848
0.0016307,-0.011516,0.0039045
0.0016328,-0.013102,0.0045984
0.001635,-0.0012664,0.005188
0.0016372,-0.0076472,0.0056701
0.0016393,-0.015499,0.0061634
0.0016415,-0.010903,0.006504
0.0016436,-0.011201,0.0067628
0.0016458,-0.010689,0.006944
0.0016479,-0.0094323,0.0070317
0.00165,-0.008176,0.0070423
0.0016522,-0.0076472,0.0069821
0.0016544,-0.013515,0.0068532
0.0016565,0.0034446,0.006713
0.0016587,-0.012144,0.0065246
0.0016608,-0.0076472,0.0063086
0.001663,-0.0014813,0.0060934
0.0016651,-0.0072339,0.0058589
0.0016672,-0.0014651,0.0056586
0.0016694,-0.015499,0.0054278
0.0016715,-0.0076472,0.0052605
0.0016737,-0.0022088,0.0051092
0.0016759,-0.00095251,0.0050044
0.001678,-0.0077465,0.004925
0.0016802,-0.0076472,0.0048776
0.0016823,-0.0076472,0.0048136
0.0016845,-0.011631,0.0048176
0.0016866,-0.012772,0.0047739
0.0016887,-0.0091184,0.0047334
0.0016909,-0.015284,0.0047287
0.0016931,-0.00083682,0.0046319
0.0016952,-0.0076472,0.0045022
0.0016974,-0.0076472,0.0044055
0.0016995,-0.012457,0.0042002
0.0017017,-0.0076472,0.0040312
0.0017038,-0.01497,0.0038031
0.0017059,-0.014772,0.0035024
0.0017081,-0.0096307,0.0032336
0.0017103,-0.012259,0.0029856
0.0017124,-0.011003,0.0026311
0.0017146,-0.015499,0.0023249
0.0017167,-0.0076472,0.0020224
0.0017189,-0.0076472,0.0017254
0.001721,-0.01383,0.0014617
0.0017231,-0.0056467,0.0012122
0.0017253,-0.011829,0.00097485
0.0017274,-0.0076472,0.00076875
0.0017296,-0.0088045,0.00058675
0.0017318,0.00020453,0.0004463
0.0017339,-0.0076472,0.00031321
0.0017361,-0.01287,0.00020311
0.0017382,-0.019483,9.122e-05
0.0017404,-0.020623,6.016e-06
0.0017425,-0.0076472,-6.7919e-05
0.0017446,-0.015284,-0.0001326
0.0017468,-0.00083654,-0.00020857
0.001749,-0.0076472,-0.00026903
0.0017511,-0.0083917,-0.00034905
0.0017533,-0.0076472,-0.00038984
0.0017554,-0.0058616,-0.00045169
0.0017576,-0.0081766,-0.0005239
0.0017597,-0.0076472,-0.00060243
0.0017618,0.00020453,-0.00071291
0.001764,-0.010887,-0.00082396
0.0017662,-0.0031515,-0.00093502
0.0017683,-0.0076472,-0.0010415
0.0017705,-0.0068038,-0.0011444
0.0017726,-0.00806,-0.001256
0.0017748,-0.0076472,-0.0014076
0.0017769,-0.012574,-0.0015226
0.001779,-0.011317,-0.001652
0.0017812,-0.013085,-0.0017728
0.0017834,-0.015499,-0.0019035
0.0017855,-0.0078446,-0.0019914
0.0017877,-0.0076472,-0.002124
0.0017898,-0.015499,-0.0021964
0.001792,-0.0076472,-0.0022896
0.0017941,-0.012771,-0.002364
0.0017963,-0.009119,-0.0024105
0.0017984,-0.014853,-0.0024812
0.0018005,-0.02231,-0.0024954
0.0018027,-0.0099443,-0.0025411
0.0018049,-0.0076472,-0.002544
0.001807,-0.0076472,-0.0025468
0.0018092,-0.0094331,-0.0025246
0.0018113,0.0069971,-0.00252
0.0018135,-0.0076472,-0.0024778
0.0018156,-0.0017784,-0.0024121
0.0018177,-0.0030347,-0.0023566
0.0018199,-0.006508,-0.0022883
0.0018221,-0.0076472,-0.0022479
0.0018242,-0.0068035,-0.002172
0.0018264,-0.0076472,-0.0020996
0.0018285,-0.0076472,-0.0020334
0.0018307,-0.015499,-0.0019401
0.0018328,-0.015499,-0.001889
0.0018349,-0.0076472,-0.0017883
0.0018371,-0.0076472,-0.0016995
0.0018393,0.00010615,-0.0016453
0.0018414,-0.0090019,-0.0015359
0.0018436,-0.0050173,-0.0014384
0.0018457,-0.011514,-0.001338
0.0018479,-0.012771,-0.0012374
0.00185,-0.014027,-0.0011683
0.0018522,-0.007863,-0.0010412
0.0018543,-0.0076472,-0.00089234
0.0018564,-0.0076472,-0.00079223
0.0018586,-0.0076472,-0.00069096
0.0018608,-0.015499,-0.00052842
0.0018629,-0.0076472,-0.00035774
0.0018651,-0.0076472,-0.00018675
0.0018672,-0.0076472,1.632e-06
0.0018694,-0.0076472,0.00020418
0.0018715,-0.015499,0.00040939
0.0018736,-0.011004,0.00062987
0.0018758,-0.0076472,0.00085975
0.001878,-0.0076472,0.001108
0.0018801,-0.0076472,0.0013604
0.0018823,-0.0076472,0.0016135
0.0018844,-0.012574,0.0018635
0.0018866,-0.0076472,0.0021442
0.0018887,-0.013085,0.0023657
0.0018908,-0.0064891,0.0026393
0.001893,-0.015499,0.0028328
0.0018952,-0.0062929,0.003087
0.0018973,-0.0076472,0.0032999
0.0018995,-0.0075293,0.0034804
0.0019016,-0.0049187,0.0036336
0.0019038,-0.0061749,0.0037681
0.0019059,-1.1499e-05,0.0039281
0.001908,-0.0076472,0.004013
0.0019102,-0.0076472,0.0041192
0.0019123,-0.016245,0.0042108
0.0019145,-0.0094136,0.0042385
0.0019167,-0.0015819,0.0042711
0.0019188,-0.0076472,0.0042512
0.0019209,-0.0012477,0.0041761
0.0019231,-0.0076472,0.0041113
0.0019253,-0.0076472,0.0040356
0.0019274,-0.012142,0.0038838
0.0019295,-0.013398,0.003706
0.0019317,-0.014655,0.0034967
0.0019339,-0.0076472,0.0032832
0.001936,-0.0093155,0.0030572
0.0019382,-0.00272,0.0027653
0.0019403,-0.011828,0.0025012
0.0019425,-0.015499,0.002227
0.0019446,-0.016657,0.001962
0.0019467,-0.015597,0.0017154
0.0019489,-0.012791,0.0014545
0.0019511,-0.010258,0.0011934
0.0019532,-0.011632,0.0009887
0.0019553,-0.0076472,0.00078001
0.0019575,-0.020406,0.00058338
0.0019596,-0.015283,0.00040184
0.0019618,0.00020453,0.00024701
0.0019639,-0.0099435,9.9732e-05
0.0019661,-0.011946,-4.2323e-05
0.0019682,-0.015499,-0.00015421
0.0019704,-0.0094339,-0.00027837
0.0019726,-0.0076472,-0.00042085
0.0019747,-0.016225,-0.00048367
0.0019769,-0.011535,-0.00060631
0.001979,-0.015499,-0.00068946
0.0019812,-0.0042901,-0.00080402
0.0019833,-0.0097481,-0.00089408
0.0019855,-0.0076472,-0.0009568
0.0019876,-0.015087,-0.0010774
0.0019898,-0.0031314,-0.0011131
0.0019919,-0.010571,-0.001144
0.001994,-0.0076472,-0.0011868
0.0019962,-0.010062,-0.0012084
0.0019983,-0.008806,-0.0012723
0.0020005,-0.015401,-0.0012625
0.0020026,-0.016853,-0.001271
0.0020048,-0.010257,-0.0012228
0.002007,-0.015499,-0.0012342
0.0020091,-0.0076472,-0.0011683
0.0020113,-0.015499,-0.0011259
0.0020134,-0.0078638,-0.0010609
0.0020156,-0.014459,-0.00096309
0.0020177,-0.0099432,-0.00086055
0.0020199,-0.011947,-0.00076289
0.002022,-0.0076472,-0.00062853
0.0020242,-0.013712,-0.00048878
0.0020263,-0.014438,-0.0003425
0.0020284,-0.000521,-0.00021125
0.0020306,-0.009629,1.2442e-05
0.0020328,-0.0076472,0.00019615
0.0020349,-0.0042898,0.00038217
0.002037,-0.015499,0.00057709
0.0020392,-0.0084921,0.00072554
0.0020413,-0.015088,0.00094024
0.0020435,-0.0076472,0.0010998
0.0020457,-0.0076472,0.001261
0.0020478,-0.0076472,0.0014221
0.00205,-0.015499,0.0015322
0.0020521,-0.0088062,0.0016764
0.0020543,-0.0076472,0.0017594
0.0020564,-0.0090008,0.0018361
0.0020586,-0.0076472,0.0019096
0.0020607,-0.011513,0.001913
0.0020629,-0.01277,0.0019197
0.002065,-0.0091204,0.0018848
0.0020671,-1.2341e-05,0.001771
0.0020693,-0.015499,0.0016892
0.0020714,-0.0020911,0.0015385
0.0020736,-0.011199,0.0013848
0.0020757,-0.0076472,0.0012214
0.0020779,-0.0076472,0.0010287
0.0020801,-0.014968,0.00080775
0.0020822,-0.015499,0.00059683
0.0020844,-0.015499,0.00038962
0.0020865,-0.010885,0.00021473
0.0020887,-0.019993,-2.244e-05
0.0020908,-0.015499,-0.00022242
0.002093,-0.0076472,-0.00035717
0.0020951,-0.0080583,-0.00050087
0.0020973,-0.013832,-0.00062014
0.0020994,-0.0076472,-0.00074207
0.0021016,-0.0034673,-0.00080746
0.0021037,-0.0076472,-0.00086587
0.0021058,-0.00095475,-0.00089196
0.002108,-0.015402,-0.00085512
0.0021101,-0.0090005,-0.0008651
0.0021123,-0.0076472,-0.00087105
0.0021144,-0.011633,-0.00079774
0.0021166,-0.015499,-0.00075242
0.0021188,-0.0076472,-0.00067565
0.0021209,-0.0076472,-0.00057789
0.0021231,-0.0066081,-0.00052468
0.0021252,-0.0076472,-0.00047033
0.0021273,-0.0076472,-0.0003386
0.0021295,-0.017263,-0.00025164
0.0021317,-0.0033706,-0.00018471
0.0021338,-0.00032676,-5.8658e-05
0.002136,-0.0076472,-6.2716e-05
0.0021381,-0.0076472,9.5806e-05
0.0021402,-0.003033,0.00015406
0.0021424,-0.0076472,0.0002225
0.0021445,-0.0097489,0.00028523
0.0021467,-0.014654,0.0004139
0.0021488,-0.0076472,0.00048202
0.002151,-0.0059801,0.00056533
0.0021531,-0.012576,0.00063135
0.0021553,-0.014991,0.00072611
0.0021575,-0.010063,0.00082238
0.0021596,-0.0088068,0.00090895
0.0021618,0.00010783,0.00098587
0.0021639,-0.012793,0.001098
0.0021661,-0.0024047,0.0011893
0.0021682,-0.0076472,0.0012879
0.0021704,-0.0076472,0.0013846
0.0021725,-0.0076472,0.0014875
0.0021747,-0.0076472,0.0015962
0.0021768,-0.0076472,0.0016847
0.0021789,-0.013204,0.0017891
0.0021811,-0.011199,0.0018268
0.0021832,-0.012455,0.0018704
0.0021854,-0.0076472,0.0019355
0.0021875,-0.014967,0.0019828
0.0021897,-0.0076472,0.0020574
0.0021919,-0.0037574,0.0020351
0.002194,-0.00441,0.0020599
0.0021962,-0.011005,0.0020603
0.0021983,-0.0076472,0.002031
0.0022005,-0.014653,0.00201
0.0022026,-0.015499,0.0019737
0.0022048,-0.013832,0.0019297
0.0022069,-0.012576,0.0018555
0.0022091,-0.0076472,0.0017667
0.0022112,-0.013083,0.00171
0.0022134,-0.0076472,0.0015943
0.0022155,-0.015403,0.0014826
0.0022176,-0.014146,0.0013195
0.0022198,-0.0076472,0.0012227
0.0022219,-0.0076472,0.0010802
0.0022241,-0.010377,0.00091654
0.0022262,-0.0076472,0.00077456
0.0022284,-0.0076472,0.00059517
0.0022306,-0.0076472,0.00043461
0.0022327,-0.0076472,0.00025154
0.0022349,-0.0033466,8.21e-05
0.002237,-0.010692,-0.00010781
0.0022392,-0.0076472,-0.0002864
0.0022413,-0.014967,-0.0004431
0.0022435,-0.014775,-0.0006235
0.0022456,-0.0076472,-0.00078195
0.0022478,-0.0044103,-0.00091262
0.0022499,-0.015499,-0.0010302
0.002252,-0.0097495,-0.0011533
0.0022542,-0.014653,-0.0012612
0.0022563,-0.00020574,-0.0013237
0.0022585,-0.0093138,-0.0013617
0.0022606,-0.0027183,-0.0014307
0.0022628,-0.011826,-0.0014192
0.0022649,-0.0052308,-0.0014027
0.0022671,-0.02103,-0.0013873
0.0022693,-0.023158,-0.0014004
0.0022714,-0.0089996,-0.0012929
0.0022736,-0.0076472,-0.0011913
0.0022757,-0.0036604,-0.0011525
0.0022779,-0.0076472,-0.0010353
0.00228,-0.0012697,-0.0009328
0.0022822,-0.0076472,-0.00077174
0.0022843,-0.0076472,-0.00063728
0.0022865,-0.021056,-0.00050174
0.0022886,-0.0076472,-0.00030883
0.0022907,-0.0076472,-0.00014665
0.0022929,-0.0076472,2.8301e-05
0.002295,-0.014435,0.00016842
0.0022972,-0.016223,0.00040481
0.0022993,-0.0056668,0.00058411
0.0023015,-0.0076472,0.00077333
0.0023037,-0.0076472,0.00093411
0.0023058,-0.0076472,0.0011771
0.002308,-0.006801,0.0013225
0.0023101,-0.015089,0.0014758
0.0023123,-0.0093135,0.0016539
0.0023144,-0.017506,0.0018485
0.0023166,-0.0034684,0.0019945
0.0023187,-0.013082,0.002126
0.0023209,-0.0076472,0.0022687
0.002323,-0.0076472,0.0024173
0.0023251,-0.0011476,0.0025436
0.0023273,-0.0050388,0.0026236
0.0023294,-0.011634,0.0027199
0.0023316,-0.0076472,0.0028018
0.0023337,-0.0076472,0.0028706
0.0023359,0.00020453,0.0029209
0.002338,-0.015499,0.0029673
0.0023402,-0.0020897,0.002997
0.0023424,-0.011948,0.0030209
0.0023445,-0.0076472,0.0030228
0.0023467,-0.0076472,0.0030282
0.0023488,-0.0076472,0.0029849
0.002351,-0.014775,0.00293
0.0023531,-0.013519,0.0028894
0.0023553,-0.015499,0.0027967
0.0023574,-0.011006,0.0026786
0.0023596,-0.013396,0.00258
0.0023617,-0.014652,0.0024401
0.0023638,-0.0084667,0.0022699
0.002366,-0.015499,0.0021132
0.0023681,-0.010569,0.0018952
0.0023703,-0.0076472,0.0016892
0.0023724,-0.0076472,0.0014375
0.0023746,-0.00095616,0.0011877
0.0023768,-0.0075516,0.00093654
0.0023789,-0.014147,0.00071891
0.0023811,-0.010255,0.00040403
0.0023832,-0.011635,0.00011238
0.0023854,-0.010378,-0.0001412
0.0023875,-0.014024,-0.00038632
0.0023897,-0.0076472,-0.00068485
0.0023918,-0.0018709,-0.00090333
0.002394,-0.0076472,-0.0011492
0.0023961,-0.0076472,-0.0013855
0.0023983,-0.0076472,-0.0016139
0.0024004,-0.0076472,-0.0018122
0.0024025,-0.00032816,-0.0020176
0.0024047,-0.0083708,-0.0021619
0.0024068,-0.011607,-0.0022943
0.002409,-0.0076472,-0.0024217
0.0024111,-0.0076472,-0.0025395
0.0024133,-0.0076472,-0.0026235
0.0024155,-0.0076472,-0.0026591
0.0024176,-0.0076472,-0.0027007
0.0024198,-0.010979,-0.0027225
0.0024219,-0.0076472,-0.0027017
0.0024241,-0.011321,-0.0026574
0.0024262,-0.010064,-0.0026145
0.0024284,-0.015499,-0.0025679
0.0024305,-0.0075519,-0.0024566
0.0024327,-0.015499,-0.0023609
0.0024348,-0.0024033,-0.0022298
0.0024369,-0.011635,-0.0020821
0.0024391,-0.010379,-0.0018902
0.0024412,-0.015499,-0.0017423
0.0024434,-0.0074284,-0.0015259
0.0024455,-0.0086847,-0.0013538
0.0024477,-0.0076472,-0.0011357
0.0024498,-0.0076472,-0.00092096
0.002452,-0.0076472,-0.00070569
0.0024542,-0.0076472,-0.00045393
0.0024563,-0.0076472,-0.00022101
0.0024585,-0.015499,5.619e-06
0.0024606,-0.015499,0.00022602
0.0024628,-0.012263,0.00045078
0.0024649,-0.012139,0.00067299
0.0024671,-0.0055438,0.00085315
0.0024692,-0.014652,0.001076
0.0024714,-0.015499,0.0012907
0.0024735,-0.013834,0.0014497
0.0024756,-0.0076472,0.0016529
0.0024778,-0.011321,0.0018037
0.0024799,-0.0076472,0.0019646
0.0024821,-0.014338,0.002142
0.0024842,-0.0077422,0.0022297
0.0024864,-0.014148,0.0023627
0.0024886,-0.0076472,0.0024917
0.0024907,-0.0076472,0.0026134
0.0024929,-0.0049156,0.0027201
0.002495,-0.0091226,0.0028266
0.0024972,-0.0074281,0.0028914
0.0024993,-0.0097215,0.0029858
0.0025015,-0.0076472,0.0030711
0.0025036,-0.0040975,0.0031579
0.0025058,-0.010693,0.0031934
0.0025079,-0.0076472,0.0032173
0.0025101,-0.0076472,0.0033057
0.0025122,-0.0069242,0.0033097
0.0025143,-0.0076472,0.003326
0.0025165,0.00020453,0.0033129
0.0025186,-0.011007,0.0032933
0.0025208,-0.0076472,0.0032316
0.0025229,-0.0076472,0.0031533
0.0025251,-0.0076472,0.0031083
0.0025273,-0.0093124,0.0029814
0.0025294,-0.0076472,0.0028816
0.0025316,0.00020453,0.0027328
0.0025337,-0.0076472,0.0025507
0.0025359,-0.015499,0.00241
0.002538,-0.0076472,0.0021492
0.0025402,-0.0089982,0.0019626
0.0025423,-0.012892,0.0017461
0.0025445,-0.011511,0.0015226
0.0025466,-0.017887,0.0013011
0.0025487,-0.012548,0.0010191
0.0025509,-0.0076472,0.00078917
0.002553,-0.014462,0.00054257
0.0025552,-0.0099404,0.00028505
0.0025573,-0.0068943,3.9753e-05
0.0025595,-0.018545,-0.00019191
0.0025617,-0.017289,-0.00039804
0.0025638,-0.0081808,-0.00060515
0.002566,-0.0076472,-0.00076171
0.0025681,-0.0076472,-0.00093424
0.0025703,-0.0076472,-0.0010612
0.0025724,-0.0065159,-0.001188
0.0025746,-0.0055433,-0.0013012
0.0025767,-0.013804,-0.001412
0.0025789,-0.01509,-0.001493
0.002581,0.00020453,-0.0015211
0.0025832,-0.014587,-0.0015051
0.0025853,-0.0081503,-0.0015406
0.0025874,-0.010663,-0.0015814
0.0025896,-0.00095728,-0.0015371
0.0025917,-0.0075528,-0.0014824
0.0025939,-0.0076472,-0.0014343
0.002596,-0.0024025,-0.0013588
0.0025982,-0.0036587,-0.0012654
0.0026004,-0.012767,-0.0011787
0.0026025,-0.0076472,-0.0010655
0.0026047,-0.0076472,-0.00091151
0.0026068,-0.014462,-0.00086221
0.002609,-0.0076472,-0.0007009
0.0026111,-0.0040981,-0.00055603
0.0026133,-0.010694,-0.00041111
0.0026154,-0.0076472,-0.00029578
0.0026176,-0.0076472,-0.00013478
0.0026197,-0.00051792,-1.0327e-05
0.0026218,-0.0096259,0.00012404
0.002624,-0.0076472,0.00024829
0.0026261,-0.012138,0.00037507
0.0026283,-0.013395,0.00047324
0.0026304,-0.0076472,0.00054716
0.0026326,-0.0084639,0.00062879
0.0026347,-0.0031246,0.00069457
0.0026369,-0.0076472,0.00075143
0.0026391,-0.0076472,0.0007797
0.0026412,-0.010066,0.00084317
0.0026434,-0.016661,0.00087404
0.0026455,-0.0076472,0.00089862
0.0026477,-0.014149,0.00087115
0.0026498,-0.018137,0.00092751
0.002652,-0.011636,0.00097093
0.0026541,-0.018231,0.00096105
0.0026563,-0.0076472,0.00096497
0.0026584,-0.015499,0.00097937
0.0026605,-0.013426,0.00094636
0.0026627,-0.0076472,0.00097362
0.0026648,-0.011196,0.00096226
0.002667,-0.0076472,0.00093105
0.0026691,-0.0076472,0.00094419
0.0026713,-0.022817,0.00084884
0.0026735,-0.015499,0.00082575
0.0026756,-0.0096257,0.00077741
0.0026778,-0.0076472,0.00071276
0.0026799,-0.011008,0.00060839
0.0026821,-0.0097517,0.00050666
0.0026842,-0.015499,0.00041543
0.0026864,-0.015091,0.00030379
0.0026885,-0.0093115,0.0001795
0.0026907,-0.012578,-1.6661e-05
0.0026928,-0.0076472,-0.00012656
0.002695,-0.010066,-0.00030055
0.0026971,-0.0076472,-0.00036734
0.0026992,-0.0076472,-0.00052128
0.0027014,-0.0076472,-0.00066279
0.0027035,-0.015499,-0.00075797
0.0027057,-0.0076472,-0.00084191
0.0027078,-0.012766,-0.00091164
0.00271,-0.0091237,-0.00095241
0.0027122,-0.0076472,-0.00096804
0.0027143,-0.0076472,-0.00095347
0.0027165,-0.0076472,-0.00092075
0.0027186,-0.0076472,-0.00087251
0.0027208,-0.010694,-0.00072161
0.0027229,-0.0076472,-0.00063442
0.0027251,-0.014965,-0.00050837
0.0027272,-0.014777,-0.00036548
0.0027294,-0.0076472,-0.00017914
0.0027315,-0.0076472,2.5482e-05
0.0027336,-0.0076472,0.00017855
0.0027358,-0.015499,0.00041289
0.0027379,-0.015499,0.00062576
0.0027401,0.0072408,0.00080802
0.0027422,-0.0076472,0.00099475
0.0027444,-0.0076472,0.0011936
0.0027465,-0.011322,0.0013836
0.0027487,-0.015499,0.0015259
0.0027509,-0.00095812,0.0017144
0.002753,-0.015499,0.0018531
0.0027552,-0.0089971,0.0020068
0.0027573,-0.0076472,0.0021399
0.0027595,-0.011637,0.0022616
0.0027616,-0.012766,0.0023495
0.0027637,-0.009124,0.0024149
0.0027659,-0.0076472,0.0024754
0.0027681,-0.015499,0.0024941
0.0027702,-0.0099392,0.0025688
0.0027723,-0.0076472,0.0025719
0.0027745,-0.012452,0.0025638
0.0027766,-0.015499,0.0025788
0.0027788,-0.0071126,0.0025687
0.0027809,-0.0083688,0.0025748
0.0027831,-0.0076472,0.0025251
0.0027853,-0.010881,0.0024564
0.0027874,-0.011009,0.0023888
0.0027896,-0.0076472,0.0023203
0.0027917,-0.015499,0.002246
0.0027939,-0.015499,0.0021637
0.002796,-0.0076472,0.0020494
0.0027982,-0.0076472,0.0019269
0.0028003,-0.0034709,0.0017943
0.0028025,-0.0076472,0.0016544
0.0028046,-0.014336,0.0015359
0.0028067,-0.015406,0.0013704
0.0028089,-0.022001,0.0011937
0.002811,-0.010253,0.0010134
0.0028132,-0.0076472,0.00082823
0.0028153,-0.0076472,0.00064587
0.0028175,-0.0061702,0.00044872
0.0028196,-0.015278,0.00023799
0.0028218,-0.0086827,3.0924e-05
0.002824,-0.0076472,-0.00015676
0.0028261,-0.011195,-0.00035641
0.0028283,-0.009404,-0.00059599
0.0028304,-0.011917,-0.00077835
0.0028326,-0.0076472,-0.0009582
0.0028347,-0.0083686,-0.0011375
0.0028369,-0.0076472,-0.0013316
0.002839,-0.010881,-0.0015208
0.0028412,-0.011009,-0.0016206
0.0028433,-0.0097526,-0.0017254
0.0028454,-0.015499,-0.0018131
0.0028476,-0.00060985,-0.0019046
0.0028497,-0.0093107,-0.001967
0.0028519,-0.010567,-0.0020172
0.002854,-0.011823,-0.0019837
0.0028562,-0.010067,-0.0019897
0.0028584,-0.015499,-0.0019268
0.0028605,-0.0075542,-0.0018722
0.0028627,-0.01415,-0.0017841
0.0028648,-0.0050067,-0.001677
0.002867,-0.011509,-0.0015638
0.0028691,-0.0025291,-0.0014382
0.0028713,-0.0076472,-0.0012904
0.0028734,-0.015278,-0.001168
0.0028756,-0.00083065,-0.00098107
0.0028777,-0.010916,-0.00084459
0.0028799,-0.011951,-0.00071426
0.002882,-0.0076472,-0.00057723
0.0028841,-0.011916,-0.00042823
0.0028863,-0.0076472,-0.00026839
0.0028884,-0.0076472,-0.00012627
0.0028906,-0.017476,-2.829e-05
0.0028927,-0.0076472,0.00011159
0.0028949,-0.012137,0.00023059
0.0028971,-0.0040067,0.00036018
0.0028992,-0.0067979,0.00041865
0.0029014,-0.015092,0.00058254
0.0029035,0.00020453,0.00065497
0.0029057,-0.0027149,0.00079701
0.0029078,-0.0076472,0.00091708
0.00291,-0.0076472,0.0010403
0.0029121,-0.022187,0.001119
0.0029143,-0.0076472,0.0012619
0.0029164,-0.0062982,0.0013659
0.0029185,-0.0050419,0.0014489
0.0029207,-0.0076472,0.001539
0.0029228,-0.0025294,0.0016668
0.002925,-0.0091249,0.0017678
0.0029271,-1.6828e-05,0.0017907
0.0029293,-0.0086821,0.0018798
0.0029314,-0.013208,0.0019653
0.0029336,-0.011195,0.0020216
0.0029358,-0.0076472,0.0020746
0.0029379,-0.0076472,0.0020592
0.0029401,-0.014963,0.0021314
0.0029422,-0.014057,0.0020791
0.0029444,-0.0076472,0.0019992
0.0029465,-0.010881,0.0019801
0.0029487,-0.0031576,0.0018862
0.0029508,-0.017033,0.0018241
0.002953,-0.0076472,0.0016765
0.0029551,-0.0002021,0.0015876
0.0029572,-0.015499,0.0014299
0.0029594,-0.0076472,0.0012766
0.0029615,-0.0076472,0.0010975
0.0029637,-0.0076472,0.00094892
0.0029658,-0.0032868,0.00076237
0.002968,-0.0076472,0.00058476
0.0029702,-0.008996,0.00039376
0.0029723,-0.012894,0.00023655
0.0029745,-0.0037859,7.8156e-05
0.0029766,-0.0025296,-8.8221e-05
0.0029788,-0.0091251,-0.00024069
0.0029809,-0.015277,-0.0003645
0.0029831,-0.014464,-0.00047159
0.0029852,-0.0076472,-0.00055511
0.0029874,-0.0076472,-0.00063605
0.0029895,-0.0028438,-0.00067802
0.0029917,-0.015499,-0.00074551
0.0029938,-0.015499,-0.00077004
0.0029959,-0.014778,-0.00075435
0.0029981,-0.0056705,-0.00072864
0.0030002,-0.0076472,-0.00069871
0.0030024,-0.012137,-0.00065955
0.0030045,-0.0076472,-0.00061221
0.0030067,-0.0084971,-0.00051796
0.0030089,-0.0072409,-0.00046352
0.003011,0.00020453,-0.00038583
0.0030132,-0.010566,-0.00029684
0.0030153,-0.011324,-0.0001855
0.0030175,-0.010658,-0.00012846
0.0030196,-0.0088113,-1.9776e-05
0.0030218,-0.0076472,8.1068e-05
0.0030239,-0.0089957,0.00015684
0.0030261,-0.0076472,0.0002367
0.0030282,-0.0076472,0.00029831
0.0030303,-0.012765,0.00037145
0.0030325,-0.0076472,0.00043697
0.0030347,-0.015277,0.00052065
0.0030368,-0.0086816,0.0005402
0.0030389,-0.0076472,0.00061663
0.0030411,-0.0076472,0.00065792
0.0030432,-0.015499,0.00069967
0.0030454,-0.0076472,0.00076579
0.0030476,-0.014963,0.00081459
0.0030497,-0.014779,0.00083543
0.0030519,-0.0076472,0.00086837
0.003054,-0.0076472,0.0009108
0.0030562,-0.0076472,0.00096374
0.0030583,-0.013393,0.0010055
0.0030605,-0.0076472,0.001065
0.0030626,-0.015093,0.0010519
0.0030648,-0.0076472,0.0010992
0.0030669,-0.0076472,0.0011427
0.003069,-0.0039703,0.0011507
0.0030712,-0.010068,0.0011828
0.0030733,-0.01317,0.0011676
0.0030755,-0.015407,0.0011937
0.0030776,-0.0011437,0.0011841
0.0030798,-0.0076472,0.0011663
0.003082,-0.0076472,0.0011338
0.0030841,-0.0076472,0.0011175
0.0030863,-0.014021,0.0010643
0.0030884,-0.015499,0.0010363
0.0030906,-0.0097154,0.00095015
0.0030927,-0.0076472,0.00087783
0.0030949,-0.0076472,0.00081476
0.003097,-0.015499,0.00073041
0.0030992,-0.013706,0.0006461
0.0031013,-0.015499,0.00053392
0.0031034,-0.0076472,0.00046598
0.0031056,-0.0076472,0.0003847
0.0031077,-0.0062604,0.00025532
0.0031099,-0.015499,0.00018575
0.003112,-0.013392,8.4109e-05
0.0031142,-0.014649,2.5283e-05
0.0031163,-0.015093,-5.0576e-05
0.0031185,-0.013837,-9.821e-05
0.0031207,-0.015499,-0.00020117
0.0031228,-0.011822,-0.00022947
0.003125,-0.0076472,-0.00024351
0.0031271,-0.015499,-0.00025126
0.0031292,-0.015407,-0.00030728
0.0031314,-0.015499,-0.0002491
0.0031336,-0.012895,-0.00023024
0.0031357,-0.0076472,-0.00019441
0.0031379,-0.010029,-0.00016741
0.00314,-0.0012742,-9.5404e-05
0.0031421,-0.0076472,-7.3775e-05
0.0031443,-0.008681,0
0.0031464,-0.013209,6.831e-05
0.0031486,-0.0076472,0.00016575
0.0031507,-0.01245,0.0002565
0.0031529,-0.0076472,0.00029325
0.0031551,-0.0076472,0.00032964
0.0031572,-0.0076472,0.00038489
0.0031594,-0.0076472,0.00042393
0.0031615,-0.010879,0.00043378
0.0031637,-0.011011,0.00047291
0.0031658,-0.013392,0.00048658
0.003168,-0.0076472,0.00046702
0.0031701,-0.0076472,0.00044132
0.0031723,-0.009309,0.00039343
0.0031744,-0.0076472,0.00036649
0.0031766,-0.015499,0.00030938
0.0031787,-0.0076472,0.00022514
0.0031808,-0.015499,0.0001561
0.003183,-0.0077386,3.8273e-05
0.0031851,-0.014151,-3.1407e-05
0.0031873,-0.012855,-0.00012768
0.0031894,-0.015499,-0.00024487
0.0031916,-0.0076472,-0.00031873
0.0031938,-0.0012745,-0.0004397
0.0031959,-0.000241,-0.00050969
0.0031981,-0.0076472,-0.00062615
0.0032002,-0.009937,-0.00067944
0.0032024,-0.0076472,-0.00076512
0.0032045,-0.0058944,-0.00084098
0.0032067,-0.013706,-0.00090398
0.0032088,-0.015499,-0.00095606
0.003211,-0.0012342,-0.0010039
0.0032131,-0.019399,-0.0010051
0.0032152,-0.015499,-0.001049
0.0032174,-0.012135,-0.0010849
0.0032195,-0.0076472,-0.0010695
0.0032217,-0.0076472,-0.0010524
0.0032238,-0.0076472,-0.0010625
0.003226,-0.0076472,-0.001044
0.0032281,-0.0027132,-0.0010145
0.0032303,-0.015499,-0.00095517
0.0032325,-0.010069,-0.00088327
0.0032346,-0.00096064,-0.00084495
0.0032368,-0.015408,-0.00075969
0.0032389,-0.015499,-0.0006452
0.0032411,-0.010292,-0.00057154
0.0032432,-0.0076472,-0.00046749
0.0032454,-0.0076472,-0.00035966
0.0032475,-0.0076472,-0.0002163
0.0032497,-0.0076472,-8.2015e-05
0.0032518,-0.0076472,2.3141e-05
0.0032539,-0.013209,0.00016489
0.0032561,-0.011953,0.00031083
0.0032582,-0.0028452,0.00044281
0.0032604,-0.0094407,0.00058739
0.0032625,-0.00033265,0.0007091
0.0032647,-0.0076472,0.00085024
0.0032669,-0.0076472,0.0010097
0.003269,-0.012267,0.0011473
0.0032712,-0.015499,0.0012608
0.0032733,-0.013391,0.0013681
0.0032755,-0.00064679,0.0014802
0.0032776,-0.00060536,0.0016187
0.0032798,-0.0031179,0.0017168
0.0032819,-0.0076472,0.001776
0.0032841,-0.0076472,0.001889
0.0032862,-0.0022172,0.001924
0.0032884,-0.0088127,0.00196
0.0032905,-0.007738,0.0020349
0.0032926,-0.0011425,0.0020497
0.0032948,-0.010251,0.0020561
0.0032969,-0.011639,0.0020032
0.0032991,-0.0049114,0.0020032
0.0033012,-0.0061676,0.0019602
0.0033034,-0.015276,0.0019144
0.0033056,-0.014466,0.0018069
0.0033077,-0.0099364,0.0017321
0.0033099,-0.0041017,0.0016571
0.003312,-0.0076472,0.0015389
0.0033142,-0.013705,0.0014607
0.0033163,-0.00087039,0.0013208
0.0033185,-0.01478,0.001274
0.0033206,-0.0096223,0.0011322
0.0033228,-0.015499,0.00099246
0.0033249,-0.0076472,0.00091439
0.003327,-0.0076472,0.00087463
0.0033292,-0.0076472,0.00073712
0.0033313,-0.00020013,0.00065327
0.0033335,-0.013838,0.00059444
0.0033356,-0.0076472,0.00052352
0.0033378,-0.011326,0.00045758
0.00334,-0.013077,0.00039232
0.0033421,-0.0076472,0.0003257
0.0033443,-0.0076472,0.00030136
0.0033464,-0.008994,0.00026077
0.0033486,-0.01025,0.00024699
0.0033507,-0.0035217,0.00019749
0.0033529,-0.0025316,0.00018026
0.003355,-0.012539,0.00015503
0.0033572,-0.0074236,0.00013155
0.0033593,-0.0086799,9.8352e-05
0.0033615,-0.01321,8.6108e-05
0.0033636,-0.0076472,0.00011306
0.0033657,-0.010698,7.3298e-05
0.0033679,-0.0076472,6.2814e-05
0.00337,-0.021738,5.6102e-05
0.0033722,-0.00051399,4.6802e-05
0.0033743,-0.013524,5.1869e-05
0.0033765,-0.012268,7.4626e-05
0.0033787,-0.011012,7.9865e-05
0.0033808,0.00020453,9.207e-05
0.003383,-0.0076472,9.2029e-05
0.0033851,-0.0076472,0.00015703
0.0033873,-0.0093079,0.00020366
0.0033894,-0.012582,0.0002491
0.0033916,-0.01182,0.00027735
0.0033937,-0.012492,0.00035036
0.0033959,-0.0088132,0.0004262
0.003398,2.4033e-05,0.00050814
0.0034002,-0.0076472,0.00055061
0.0034023,-0.012896,0.00061141
0.0034044,-0.0076472,0.00068755
0.0034066,-0.0021744,0.00075406
0.0034087,-0.016979,0.00081185
0.0034109,-0.0076472,0.00087222
0.003413,-0.0086796,0.00087279
0.0034152,-0.01321,0.00095897
0.0034174,-0.0068853,0.00093633
0.0034195,-0.0076472,0.00093593
0.0034217,-0.01191,0.00093162
0.0034238,-0.00033349,0.00087767
0.003426,-0.015499,0.00083941
0.0034281,-0.0076472,0.00078525
0.0034303,-0.0090374,0.00070201
0.0034324,-0.0042825,0.00059584
0.0034346,-0.013391,0.00048658
0.0034367,-0.0067951,0.00038399
0.0034388,-0.0076472,0.00027735
0.003441,-0.0076472,0.00012997
0.0034431,-0.015499,-1.3282e-05
0.0034453,-0.01182,-0.00018234
0.0034474,-0.01007,-0.00037107
0.0034496,-0.014333,-0.00050115
0.0034518,-0.015499,-0.00069067
0.0034539,-0.015499,-0.00083507
0.0034561,-0.01025,-0.001005
0.0034582,-0.0076472,-0.0011349
0.0034604,-0.015499,-0.0012798
0.0034625,-0.0061668,-0.0013945
0.0034647,-0.0074231,-0.0014655
0.0034668,-0.00082757,-0.001614
0.003469,0.00020453,-0.0016771
0.0034711,-0.0076472,-0.0017491
0.0034733,-0.012448,-0.0017902
0.0034754,-0.015499,-0.0018351
0.0034775,-0.014961,-0.0018597
0.0034797,-0.015499,-0.0018667
0.0034818,-0.0096215,-0.0018688
0.003484,-0.010878,-0.001846
0.0034861,-0.015499,-0.0018288
0.0034883,-0.0097559,-0.0017948
0.0034905,-0.0076472,-0.0017303
0.0034926,-0.0080511,-0.0016649
0.0034948,-0.0059871,-0.0015949
0.0034969,-0.0076472,-0.0015395
0.0034991,-0.0076472,-0.0014543
0.0035012,-0.0046412,-0.0013866
0.0035034,-0.021018,-0.0013044
0.0035055,-0.015409,-0.0011875
0.0035077,-0.0089932,-0.0010795
0.0035098,-0.0076472,-0.00095047
0.0035119,-0.0037887,-0.00082628
0.0035141,-0.0049102,-0.00071493
0.0035162,-0.015499,-0.00054375
0.0035184,-0.015275,-0.00045747
0.0035205,-0.015499,-0.00031655
0.0035227,-0.0053591,-0.00016095
0.0035248,-0.0076472,-6.11e-07
0.003527,-0.0076472,0.00014935
0.0035292,-0.0076472,0.00030869
0.0035313,-0.0076472,0.00044813
0.0035335,-0.0076472,0.00061328
0.0035356,-0.0076472,0.00077724
0.0035378,-0.012269,0.00092412
0.0035399,-0.006526,0.0010571
0.0035421,-0.0097562,0.0012036
0.0035442,-0.00064819,0.0013546
0.0035464,-0.015095,0.0014676
0.0035485,-0.0076472,0.0016146
0.0035506,-0.010563,0.0017033
0.0035528,-0.0039678,0.0018493
0.0035549,-0.0052241,0.0019227
0.0035571,-0.0076472,0.0020477
0.0035592,-0.0076472,0.0021042
0.0035614,-0.0063015,0.0021805
0.0035636,-0.012897,0.0022362
0.0035657,-0.0036537,0.0022582
0.0035679,-0.015499,0.0023108
0.00357,-0.0076472,0.0023324
0.0035722,-0.01505,0.0023433
0.0035743,-0.0076472,0.0023397
0.0035765,-0.018775,0.0023367
0.0035786,-0.011955,0.0022765
0.0035808,-0.0028469,0.0022571
0.0035829,-0.0015906,0.002199
0.0035851,-0.0071084,0.0021491
0.0035872,-0.0076472,0.0020649
0.0035893,-0.0096209,0.0019897
0.0035915,-0.012269,0.001941
0.0035936,-0.01662,0.001871
0.0035958,-0.01339,0.0017545
0.0035979,-0.014646,0.0016199
0.0036001,-0.0076472,0.0015333
0.0036023,-0.0093068,0.001415
0.0036044,-0.012583,0.0012374
0.0036066,-0.015499,0.0011189
0.0036087,-0.0022189,0.00099773
0.0036109,-0.0064801,0.00085402
0.003613,-0.023172,0.00077818
0.0036152,-0.015499,0.00059493
0.0036173,-0.012897,0.00044583
0.0036195,-0.015499,0.00033535
0.0036216,-0.0076472,0.00024031
0.0036237,-0.0091285,0.00011579
0.0036259,-0.0076472,1.0943e-05
0.003628,-0.014468,-0.00010729
0.0036302,-0.0076472,-0.00019393
0.0036323,-0.0076472,-0.00023202
0.0036345,-0.0076472,-0.00032384
0.0036367,-0.0094426,-0.00036342
0.0036388,-0.0076472,-0.00039789
0.003641,-0.015499,-0.00042653
0.0036431,-0.013526,-0.00043338
0.0036453,-0.010877,-0.00043083
0.0036474,-0.0076472,-0.00042355
0.0036496,-0.0076472,-0.00039235
0.0036517,-0.0067939,-0.00035804
0.0036539,-0.0076472,-0.00034644
0.003656,-0.020032,-0.00025825
0.0036582,-0.010563,-0.00022361
0.0036603,-0.015499,-0.00019964
0.0036624,0.00020453,-0.00013284
0.0036646,-0.00096289,-9.3287e-05
0.0036667,-0.0074695,-3.1834e-05
0.0036689,-0.020661,-1.7943e-05
0.003671,-0.010249,2.005e-06
0.0036732,-0.0037896,5.0251e-05
0.0036754,-0.0076472,7.6988e-05
0.0036775,0.00020453,8.1658e-05
0.0036797,-0.015274,9.906e-05
0.0036818,-0.00082645,0.00010761
0.003684,0.00020453,9.8673e-05
0.0036861,-0.011191,7.5764e-05
0.0036883,-0.0076472,3.5247e-05
0.0036904,-0.0033869,3.1942e-05
0.0036926,-0.01496,4.5073e-05
0.0036947,-0.0083641,-3.026e-05
0.0036968,-0.0056741,-7.2253e-05
0.003699,0.00020453,-0.00011418
0.0037011,-0.0042811,-0.00014268
0.0037033,-0.013389,-0.0002131
0.0037054,-0.021644,-0.00024074
0.0037076,-0.0072445,-0.00029958
0.0037097,-0.0093062,-0.00035733
0.0037119,-0.0076472,-0.00043665
0.0037141,-0.003967,-0.00049368
0.0037162,-0.010651,-0.00053198
0.0037184,-0.0021309,-0.00059606
0.0037205,-0.0076472,-0.00063449
0.0037227,-0.012809,-0.00070567
0.0037248,-0.0076472,-0.00071808
0.003727,0.00020453,-0.00082628
0.0037291,-0.0076472,-0.0008851
0.0037313,-0.0012773,-0.00091164
0.0037334,-0.015273,-0.00097434
0.0037355,-0.00082617,-0.0010369
0.0037377,-0.0076472,-0.001082
0.0037398,-0.015499,-0.0011438
0.003742,-0.012447,-0.0011753
0.0037441,-0.011907,-0.0012443
0.0037463,-0.0076472,-0.0013083
0.0037485,-0.014782,-0.0013676
0.0037506,-0.0076472,-0.001393
0.0037528,-0.01227,-0.0014433
0.0037549,-0.0076472,-0.0015004
0.0037571,-0.011279,-0.0015344
0.0037592,-0.0076472,-0.0015507
0.0037614,0.00020453,-0.0015886
0.0037635,-0.0076472,-0.0015938
0.0037656,-0.0076472,-0.0015696
0.0037678,-0.011818,-0.00157
0.00377,-0.013075,-0.001523
0.0037721,-0.0076472,-0.0014575
0.0037742,0.00020453,-0.0014132
0.0037764,-0.0076472,-0.0013246
0.0037785,-0.0076472,-0.001252
0.0037807,-0.0037901,-0.0011527
0.0037828,-0.0025339,-0.0010236
0.003785,-0.0076472,-0.00090879
0.0037872,-0.0076472,-0.00077135
0.0037893,-0.0018563,-0.0006683
0.0037915,-0.013212,-0.00048836
0.0037936,-0.0041043,-0.00035115
0.0037958,-0.0059005,-0.00019787
0.0037979,-0.0076472,-5.2755e-05
0.0038001,-0.0076472,0.00011695
0.0038022,-0.0076472,0.00026552
0.0038044,-0.0076472,0.00038939
0.0038065,-0.0076472,0.00053873
0.0038086,-0.0076472,0.00066405
0.0038108,-0.011868,0.00081996
0.0038129,-0.0067931,0.00095272
0.0038151,-0.0080494,0.0010192
0.0038172,-0.013841,0.0011478
0.0038194,-0.0027102,0.0012405
0.0038215,-0.0039664,0.0013375
0.0038237,-0.01065,0.0014462
0.0038259,-0.0076472,0.0014738
0.003828,0.00020453,0.0016327
0.0038302,-0.0011397,0.0016635
0.0038323,-0.010248,0.0017484
0.0038345,-0.0076472,0.0018313
0.0038366,-0.0025341,0.0019008
0.0038388,-0.0027603,0.00197
0.0038409,-0.015273,0.0020413
0.0038431,-0.014469,0.0021097
0.0038452,-0.0076472,0.0021707
0.0038473,-0.0068808,0.0022196
0.0038495,-0.012446,0.0022861
0.0038516,-0.0033885,0.0023464
0.0038538,-0.007107,0.0023819
0.0038559,-0.0076472,0.0024138
0.0038581,-0.00374,0.0024937
0.0038603,-0.003024,0.0024985
0.0038624,-0.0076472,0.0025269
0.0038646,-0.011869,0.0025222
0.0038667,-0.0067928,0.002507
0.0038689,-0.0080491,0.0024818
0.003871,-0.0059891,0.0024735
0.0038732,-0.012585,0.0024198
0.0038753,-0.0071576,0.0023567
0.0038775,0.00020453,0.0022594
0.0038796,-0.00096401,0.0021489
0.0038817,-0.015324,0.0020541
0.0038839,-0.0076472,0.001914
0.003886,-0.004996,0.0017294
0.0038882,0.00020453,0.0016016
0.0038903,-0.015499,0.0014234
0.0038925,-0.0076472,0.0012441
0.0038946,-0.0078736,0.0010721
0.0038968,-0.0076472,0.0008794
0.003899,-0.0020816,0.0006671
0.0039011,-0.0041048,0.00047087
0.0039033,-0.0076472,0.00028266
0.0039054,-0.013702,0.00011322
0.0039076,-0.0071067,-8.5983e-05
0.0039097,-0.0012269,-0.00029693
0.0039118,-0.013527,-0.0004522
0.003914,-0.0076472,-0.00062891
0.0039162,-0.00428,-0.00073763
0.0039183,-0.0076472,-0.000854
0.0039204,-0.0076472,-0.00098823
0.0039226,-0.015097,-0.0010496
0.0039248,-0.010525,-0.0011703
0.0039269,-0.010561,-0.0012233
0.003929,-0.011329,-0.0012883
0.0039312,-0.0076472,-0.0013239
0.0039334,-0.0076472,-0.001371
0.0039355,0.00020453,-0.0013374
0.0039377,-0.0011392,-0.0013442
0.0039398,-0.0076472,-0.0013295
0.0039419,-0.015499,-0.0013064
0.0039441,-0.0021688,-0.0012798
0.0039463,-0.0061643,-0.0012531
0.0039484,-0.0076472,-0.0012118
0.0039505,-0.0076472,-0.0011986
0.0039527,-0.0020813,-0.0011584
0.0039549,-0.011189,-0.0010681
0.003957,-0.0045939,-0.001063
0.0039591,-0.0094443,-0.0010079
0.0039613,-0.0081881,-0.00097557
0.0039635,-0.0069318,-0.00097362
0.0039656,-0.0056755,-0.00094379
0.0039677,-0.010875,-0.00088938
0.0039699,-0.0076472,-0.00089555
0.0039721,-0.0097585,-0.00086346
0.0039742,-0.0067923,-0.00086273
0.0039764,-0.0080485,-0.00086087
0.0039785,-0.0076472,-0.00082321
0.0039806,-0.012585,-0.000841
0.0039828,-0.011817,-0.00082581
0.003985,-0.0046462,-0.00080974
0.0039871,-0.00096457,-0.00078103
0.0039892,-0.0076472,-0.00077889
0.0039914,-0.015499,-0.00075592
0.0039936,-0.012899,-0.00075173
0.0039957,-0.011503,-0.00071047
0.0039978,-0.89568,0.0024139
