-0.0002283,0,0
-0.0002266,-0.005487,-9.814e-06
-0.0002249,-0.015556,5.675e-06
-0.0002232,0,-3.518e-06
-0.0002215,-0.0078518,-8.854e-06
-0.0002198,-0.0080182,-3.237e-06
-0.0002181,-0.010198,-2.306e-06
-0.0002164,-0.014207,1.9908e-05
-0.0002147,0,-1.2223e-05
-0.000213,-0.0078518,-9.961e-06
-0.0002113,-0.0078518,-1.2992e-05
-0.0002096,0,-2.8377e-05
-0.0002079,-0.0078518,-9.164e-06
-0.0002062,-0.0018107,8.75e-06
-0.0002045,-0.015149,-1.4322e-05
-0.0002028,-0.00070183,-7.272e-06
-0.0002011,-0.0019581,-3.3402e-05
-0.0001994,-0.0064287,-3.0698e-05
-0.0001977,-0.0078518,-3.8989e-05
-0.000196,-0.0057269,-2.2155e-05
-0.0001943,-0.0008686,-2.4165e-05
-0.0001926,-0.0078518,-2.5244e-05
-0.0001909,-0.0062078,-2.8185e-05
-0.0001892,-0.012803,-1.667e-05
-0.0001875,0,-2.5555e-05
-0.0001858,0,-3.1408e-05
-0.0001841,-0.0078518,-3.244e-05
-0.0001824,0,-3.166e-05
-0.0001807,-0.0013298,-2.9708e-05
-0.000179,0,-2.9767e-05
-0.0001773,-0.0038423,-2.8628e-05
-0.0001756,-0.0050986,-3.1836e-05
-0.0001739,-0.0029938,-2.1668e-05
-0.0001722,-0.00024064,-4.3821e-05
-0.0001705,-0.0078518,-4.743e-05
-0.0001688,-0.0078518,-2.5714e-05
-0.0001671,-0.0035282,-4.7858e-05
-0.0001654,-0.0030673,-2.5261e-05
-0.0001637,-0.0060407,-3.5706e-05
-0.000162,-0.0078518,-3.8117e-05
-0.0001603,0.00070147,-5.068e-05
-0.0001586,-0.0019577,-5.5395e-05
-0.0001569,-0.0078518,-2.9265e-05
-0.0001552,0.0010888,-3.9081e-05
-0.0001535,-0.0057265,-3.3536e-05
-0.0001518,-0.0078518,-4.6484e-05
-0.0001501,-0.00077463,-6.7665e-05
-0.0001484,-0.0078518,-1.6936e-05
-0.0001467,-0.0078518,-4.5077e-05
-0.000145,0,-5.1049e-05
-0.0001433,-0.0078518,-2.7933e-05
-0.0001416,-0.0078518,-2.2113e-05
-0.0001399,-0.0078518,-1.3109e-05
-0.0001382,-0.0065223,-3.1836e-05
-0.0001365,-0.0052661,-3.7966e-05
-0.0001348,-0.0040098,-2.9299e-05
-0.0001331,-0.0078518,-2.9633e-05
-0.0001314,-0.0078518,-4.2909e-05
-0.0001297,-0.000241,-5.0102e-05
-0.000128,-0.0078518,-3.346e-05
-0.0001263,-0.0022715,-6.2255e-05
-0.0001246,-0.0078518,-4.7221e-05
-0.0001229,-0.0030677,-3.3209e-05
-0.0001212,-0.0078518,-3.1836e-05
-0.0001195,-0.0072966,-4.3066e-05
-0.0001178,-0.0071506,-2.6676e-05
-0.0001161,0,-3.6551e-05
-0.0001144,-0.0064273,-2.6694e-05
-0.0001127,-0.0089398,-3.4447e-05
-0.000111,-0.0099773,-1.8093e-05
-0.0001093,0.0052438,-2.7641e-05
-0.0001076,-0.015317,-1.392e-05
-0.0001059,-0.0078518,-5.5356e-05
-0.0001042,-0.0049523,-1.9273e-05
-0.0001025,-0.0041558,-2.5555e-05
-0.0001008,0,-4.0495e-05
-9.91e-05,-0.0078518,-4.8787e-05
-9.74e-05,-7.2806e-05,-3.1778e-05
-9.57e-05,-0.0013291,-2.8744e-05
-9.4e-05,-0.0078518,-2.9768e-05
-9.23e-05,-0.0076832,-3.5044e-05
-9.06e-05,-0.0050979,-2.1804e-05
-8.89e-05,0,-1.1503e-05
-8.72e-05,0,-2.5361e-05
-8.55e-05,-0.0068368,-3.0212e-05
-8.38e-05,-0.0078518,-2.5555e-05
-8.21e-05,0.00079686,-4.0302e-05
-8.04e-05,-0.0078518,-9.455e-06
-7.87e-05,-0.0078518,-3.0387e-05
-7.7e-05,-0.0072963,-6.266e-06
-7.53e-05,-0.0078518,-1.2992e-05
-7.36e-05,-0.011789,-3.027e-05
-7.19e-05,-0.0032133,-2.9265e-05
-7.02e-05,-0.0078518,-2.3719e-05
-6.85e-05,-0.0078518,-2.4375e-05
-6.68e-05,-0.0078518,-2.5555e-05
-6.51e-05,-0.0074652,-2.6482e-05
-6.34e-05,-0.014061,-1.8249e-05
-6.17e-05,-0.0078518,-1.6277e-05
-6e-05,-0.0036964,-1.3359e-05
-5.83e-05,-0.0078518,-2.7932e-05
-5.66e-05,-0.0078518,-6.1001e-05
-5.49e-05,-0.0078518,-2.5613e-05
-5.32e-05,-0.006523,-3.8021e-05
-5.15e-05,-0.0078518,-2.1341e-05
-4.98e-05,-0.0038413,-3.518e-05
-4.81e-05,-0.0078518,-2.3351e-05
-4.64e-05,-0.0078518,-2.0472e-05
-4.47e-05,-0.015462,-3.1643e-05
-4.3e-05,-0.0068372,-1.9273e-05
-4.13e-05,-0.0055809,-2.8203e-05
-3.96e-05,-0.0035271,-3.1198e-05
-3.79e-05,-0.0047834,-2.6637e-05
-3.62e-05,-0.0018121,-5.068e-05
-3.45e-05,-0.015148,-3.317e-05
-3.28e-05,0,-3.8117e-05
-3.11e-05,0,-4.4419e-05
-2.94e-05,0.0032129,-3.9258e-05
-2.77e-05,-0.0078518,-4.2562e-05
-2.6e-05,-0.015704,-5.356e-05
-2.43e-05,-0.0078518,-3.9509e-05
-2.26e-05,-0.0078518,-3.8117e-05
-2.09e-05,-0.0016425,-4.5424e-05
-1.92e-05,-0.0078518,-4.5074e-05
-1.75e-05,-0.0036967,-5.4004e-05
-1.58e-05,-0.0078518,-3.5316e-05
-1.41e-05,-0.0078518,-3.2783e-05
-1.24e-05,-0.0077797,-3.1778e-05
-1.07e-05,-0.014375,-2.0431e-05
-9e-06,0.0078518,-4.2253e-05
-7.3e-06,-0.0038409,-2.8083e-05
-5.6e-06,-0.0023426,-3.8117e-05
-3.9e-06,-0.0078518,-4.7995e-05
-2.2e-06,-0.0078518,-3.773e-05
-5e-07,-0.0068376,-2.6366e-05
1.2e-06,0.0053915,-4.4551e-05
2.9e-06,2.6581,0.00021607
4.6e-06,11.274,0.00097421
6.3e-06,20.447,0.0017275
8e-06,32.18,0.0027067
9.7e-06,44.193,0.0037163
1.14e-05,54.843,0.0045365
1.31e-05,67.841,0.0055929
1.48e-05,77.912,0.0063981
1.65e-05,88.482,0.0072575
1.82e-05,97.363,0.0079958
1.99e-05,104.77,0.0086172
2.16e-05,112.73,0.0092698
2.33e-05,117.95,0.0096821
2.5e-05,122.86,0.010072
2.67e-05,126.04,0.010292
2.84e-05,127.68,0.010414
3.01e-05,128.26,0.010427
3.18e-05,126.9,0.010317
3.35e-05,124.28,0.01002
3.52e-05,120.56,0.0097063
3.69e-05,115.54,0.0092868
3.86e-05,108.34,0.0086655
4.03e-05,101.29,0.0080846
4.2e-05,91.212,0.0072185
4.37e-05,82.075,0.0064692
4.54e-05,71.367,0.0055624
4.71e-05,58.657,0.0045004
4.88e-05,47.336,0.0035626
5.05e-05,32.498,0.0023184
5.22e-05,20.391,0.0013194
5.39e-05,5.3683,6.0463e-05
5.56e-05,-7.3192,-0.0009866
5.73e-05,-19.466,-0.0019824
5.9e-05,-34.706,-0.0032165
6.07e-05,-46.553,-0.0041852
6.24e-05,-60.736,-0.0053708
6.41e-05,-71.526,-0.0062207
6.58e-05,-82.239,-0.0070979
6.75e-05,-93.094,-0.0079542
6.92e-05,-101.08,-0.008619
7.09e-05,-109.81,-0.0093382
7.26e-05,-115.64,-0.0097734
7.43e-05,-120.86,-0.010198
7.6e-05,-124.83,-0.010493
7.77e-05,-126.99,-0.010638
7.94e-05,-128.41,-0.010685
8.11e-05,-127.54,-0.010649
8.28e-05,-125.65,-0.010444
8.45e-05,-122.36,-0.010137
8.62e-05,-118.01,-0.009764
8.79e-05,-111.06,-0.0091768
8.96e-05,-104.49,-0.0086077
9.13e-05,-95.676,-0.007829
9.3e-05,-86.096,-0.0070012
9.47e-05,-76.507,-0.0062118
9.64e-05,-63.339,-0.0051102
9.81e-05,-52.293,-0.0041961
9.98e-05,-37.628,-0.0030005
0.0001015,-25.865,-0.0020229
0.0001032,-16.714,-0.0012888
0.0001049,-10.501,-0.00081597
0.0001066,-7.8659,-0.00059482
0.0001083,-5.6676,-0.00042592
0.00011,-4.3623,-0.000347
0.0001117,-3.4946,-0.00024625
0.0001134,-2.58,-0.00014869
0.0001151,-2.2775,-0.00012617
0.0001168,-1.9448,-0.00011137
0.0001185,-1.6065,-8.002e-05
0.0001202,-1.1213,-8.1812e-05
0.0001219,-0.79454,-6.578e-05
0.0001236,-0.60679,-7.5522e-05
0.0001253,-0.44658,-8.1115e-05
0.000127,-0.37688,-4.5209e-05
0.0001287,-0.32192,-4.5234e-05
0.0001304,-0.30622,-3.8117e-05
0.0001321,-0.28745,-8.08e-06
0.0001338,-0.26515,9.232e-06
0.0001355,-0.24285,-1.2992e-05
0.0001372,-0.21409,-1.9832e-05
0.0001389,-0.1904,-2.8683e-05
0.0001406,-0.17274,-2.8124e-05
0.0001423,-0.12563,-3.3676e-05
0.000144,-0.1042,-4.0994e-05
0.0001457,-0.086369,-3.8117e-05
0.0001474,-0.086369,-1.66e-06
0.0001491,-0.080159,-2.0586e-05
0.0001508,-0.070666,-9.701e-06
0.0001525,-0.062359,-2.9242e-05
0.0001542,-0.059846,-1.9273e-05
0.0001559,-0.064,-2.0222e-05
0.0001576,-0.062885,-3.1836e-05
0.0001593,-0.041913,-4.3337e-05
0.000161,-0.047111,-4.8695e-05
0.0001627,-0.035419,-4.7609e-05
0.0001644,-0.031407,-1.553e-05
0.0001661,-0.022056,-2.829e-06
0.0001678,-0.015704,-2.536e-05
0.0001695,-0.015704,-2.0083e-05
0.0001712,-0.025824,-2.8205e-05
0.0001729,-0.031407,-4.2219e-05
0.0001746,-0.034477,-2.5555e-05
0.0001763,-0.031407,-3.8594e-05
0.000178,-0.030849,-3.7671e-05
0.0001797,-0.022857,-3.8676e-05
0.0001814,-0.0216,-3.6579e-05
0.0001831,-0.015704,-2.3267e-05
0.0001848,-0.019088,-7.577e-06
0.0001865,0,-1.2992e-05
0.0001882,-0.0017436,2.68e-07
0.0001899,-0.015704,-4.4091e-05
0.0001916,-0.021915,-2.396e-05
0.0001933,-0.023555,-5.068e-05
0.000195,-0.023555,-4.5126e-05
0.0001967,-0.021113,-1.9273e-05
0.0001984,-0.015704,-6.0397e-05
0.0002001,-0.0078518,-3.2061e-05
0.0002018,-0.0065252,-4.024e-05
0.0002035,0.0025829,-3.5969e-05
0.0002052,0,-4.1327e-05
0.0002069,-0.0055127,-3.4041e-05
0.0002086,-0.0078518,-3.8117e-05
0.0002103,-0.01546,-7.686e-06
0.000212,-0.016716,-5.7772e-05
0.0002137,-0.015704,-4.8865e-05
0.0002154,-0.019228,-4.504e-05
0.0002171,-0.015704,-6.8156e-05
0.0002188,-0.0060375,-3.619e-05
0.0002205,-0.001116,-3.2282e-05
0.0002222,-0.0078518,-3.8676e-05
0.0002239,-0.0058972,-7.1115e-05
0.0002256,-0.012493,-3.6973e-05
0.0002273,-0.011236,-4.4509e-05
0.000229,-0.015704,-4.4399e-05
0.0002307,-0.016576,-4.4399e-05
0.0002324,-0.015704,-4.5321e-05
0.0002341,-0.0094921,-3.3428e-05
0.0002358,-0.013645,-5.7938e-05
0.0002375,0,-4.6995e-05
0.0002392,-0.0048851,-5.7381e-05
0.0002409,-0.0066655,-3.6581e-05
0.0002426,-0.0078518,-5.0568e-05
0.0002443,-0.0078518,-5.2802e-05
0.000246,0.0025825,-5.068e-05
0.0002477,-0.015704,-5.724e-05
0.0002494,-0.020799,-4.0323e-05
0.0002511,-0.014203,-5.1881e-05
0.0002528,-0.0078518,-4.4594e-05
0.0002545,-0.0078518,-4.197e-05
0.0002562,-0.01012,-6.1428e-05
0.0002579,-0.0035246,-4.0937e-05
0.0002596,0,-3.9206e-05
0.0002613,0,-5.8888e-05
0.000263,-0.0078518,-5.5175e-05
0.0002647,-0.022159,-6.0451e-05
0.0002664,-0.0078518,-6.0116e-05
0.0002681,-0.015704,-6.1819e-05
0.0002698,-0.012318,-5.5231e-05
0.0002715,-0.005723,-7.0697e-05
0.0002732,-0.0008725,-4.5097e-05
0.0002749,-0.0082355,-6.891e-05
0.0002766,-0.0078518,-4.8056e-05
0.0002783,-0.0028963,-4.5069e-05
0.00028,-0.0036992,-6.9162e-05
0.0002817,-0.010295,-5.9334e-05
0.0002834,-0.015704,-7.2009e-05
0.0002851,-0.015634,-7.5583e-05
0.0002868,-0.017029,-5.5901e-05
0.0002885,-0.010434,-7.589e-05
0.0002902,-0.015704,-5.6962e-05
0.0002919,-0.015704,-5.4756e-05
0.0002936,-0.014203,-4.8001e-05
0.0002953,-0.0078518,-6.9329e-05
0.000297,-0.0078518,-3.9736e-05
0.0002987,-0.0078518,-7.2177e-05
0.0003004,-0.0070485,-5.6319e-05
0.0003021,-0.012632,-5.5594e-05
0.0003038,-0.02174,-6.9998e-05
0.0003055,-0.0084105,-4.7527e-05
0.0003072,-0.0085493,-5.6404e-05
0.0003089,-0.0078518,-4.1214e-05
0.0003106,-0.011062,-6.6956e-05
0.0003123,-0.0078518,-5.967e-05
0.000314,-0.0021291,-6.1008e-05
0.0003157,-0.0069789,-7.0223e-05
0.0003174,-0.0074683,-6.9831e-05
0.0003191,-0.0078518,-6.5589e-05
0.0003208,-0.012808,-8.4404e-05
0.0003225,-0.015704,-6.9162e-05
0.0003242,-0.015704,-9.6605e-05
0.0003259,-0.0078518,-6.989e-05
0.0003276,-0.015634,-5.7128e-05
0.0003293,0.0038752,-8.5187e-05
0.000331,-0.0078518,-5.9112e-05
0.0003327,-0.0078518,-6.6454e-05
0.0003344,-0.013367,-8.2087e-05
0.0003361,-0.0078518,-4.8002e-05
0.0003378,-0.015704,-6.4027e-05
0.0003395,-0.0088631,-5.6962e-05
0.0003412,-0.0055841,-4.0771e-05
0.0003429,-0.011376,-5.4142e-05
0.0003446,-0.012632,-8.3454e-05
0.0003463,-0.019925,-4.4399e-05
0.000348,-0.0078518,-6.7735e-05
0.0003497,-0.0071545,-5.8077e-05
0.0003514,-0.015704,-8.2117e-05
0.0003531,-0.0078518,-6.9524e-05
0.0003548,-0.012318,-8.664e-05
0.0003565,-0.0057223,-5.6962e-05
0.0003582,-0.0078518,-4.5796e-05
0.0003599,-0.00038306,-6.9218e-05
0.0003616,-0.014064,-7.3459e-05
0.0003633,-0.0078518,-5.068e-05
0.000365,-0.0078518,-6.2881e-05
0.0003667,-0.0054081,-6.3243e-05
0.0003684,-0.019993,-6.9524e-05
0.0003701,-0.015704,-6.9359e-05
0.0003718,-0.0065266,-7.0585e-05
0.0003735,-0.0025814,-6.5308e-05
0.0003752,-0.011689,-5.068e-05
0.0003769,-0.012946,-6.7318e-05
0.0003786,-0.015704,-7.1927e-05
0.0003803,-0.0078518,-7.6198e-05
0.000382,0,-6.9524e-05
0.0003837,-0.0078518,-5.6122e-05
0.0003854,-0.0078518,-7.6693e-05
0.0003871,-0.0030719,-6.9524e-05
0.0003888,-0.0060361,-5.9867e-05
0.0003905,-0.0078518,-6.4138e-05
0.0003922,-0.015007,-5.8077e-05
0.0003939,-0.0078518,-5.6962e-05
0.0003956,-0.0078518,-7.0396e-05
0.0003973,-0.0089313,-6.5952e-05
0.000399,-0.012111,-6.2073e-05
0.0004007,-0.0087253,-4.5098e-05
0.0004024,-0.0078518,-6.3243e-05
0.0004041,-0.0078518,-5.6962e-05
0.0004058,-0.015704,-7.1841e-05
0.0004075,-0.00045125,-6.2882e-05
0.0004092,-0.01326,-6.0872e-05
0.0004109,-0.0078518,-6.3243e-05
0.0004126,-0.015704,-7.5806e-05
0.0004143,-0.015704,-8.6249e-05
0.000416,-0.013122,-7.1676e-05
0.0004177,-0.015881,-7.2736e-05
0.0004194,-0.0078518,-8.3956e-05
0.0004211,-0.0093536,-7.7281e-05
0.0004228,-0.0078518,-6.9328e-05
0.0004245,-0.0010107,-6.5669e-05
0.0004262,-0.010119,-8.0274e-05
0.0004279,-0.0043286,-8.2732e-05
0.0004296,-0.010924,-8.3179e-05
0.0004313,-0.0078518,-6.9054e-05
0.000433,-0.0078518,-7.0868e-05
0.0004347,-0.0085483,-8.2087e-05
0.0004364,-0.0078518,-8.5244e-05
0.0004381,-0.0078518,-6.3243e-05
0.0004398,-0.011238,-7.5806e-05
0.0004415,-0.0099819,-7.1764e-05
0.0004432,-0.01483,-0.00010372
0.0004449,-0.015321,-7.6418e-05
0.0004466,-0.015704,-9.3339e-05
0.0004483,-0.0028949,-8.7702e-05
0.00045,-0.011552,-8.5408e-05
0.0004517,-0.010296,-8.6413e-05
0.0004534,-0.021179,-8.1137e-05
0.0004551,-0.00792,-7.5969e-05
0.0004568,-0.013055,-9.7829e-05
0.0004585,-0.0078518,-9.6539e-05
0.0004602,-0.003837,-9.4934e-05
0.0004619,-0.005517,-8.803e-05
0.0004636,-0.014201,-6.6848e-05
0.0004653,-0.015704,-0.00010113
0.000467,-0.0010103,-9.3842e-05
0.0004687,-0.0078518,-0.00010093
0.0004704,-0.015704,-8.4261e-05
0.0004721,-0.015704,-0.00010721
0.0004738,-0.0096681,-8.354e-05
0.0004755,-0.0011202,-0.00010632
0.0004772,-0.0078518,-9.2979e-05
0.0004789,-0.0078518,-8.0525e-05
0.0004806,-0.0078518,-7.3239e-05
0.0004823,-0.012317,-0.00011165
0.000484,-0.011442,-9.465e-05
0.0004857,-0.00087427,-8.7669e-05
0.0004874,-0.0082338,-9.4039e-05
0.0004891,-0.014065,-8.6019e-05
0.0004908,-0.010746,-0.00010788
0.0004925,-0.0074019,-9.357e-05
0.0004942,-0.0078518,-9.228e-05
0.0004959,-0.014515,-0.00010188
0.0004976,-0.0079196,-9.4596e-05
0.0004993,-0.0078518,-8.9428e-05
0.000501,-0.0025804,-9.6803e-05
0.0005027,0.0040151,-8.5157e-05
0.0005044,-0.0027589,-9.0236e-05
0.0005061,-0.0030052,-7.3402e-05
0.0005078,-0.022816,-8.8172e-05
0.0005095,-0.0068418,-9.1418e-05
0.0005112,-0.0078518,-8.8369e-05
0.0005129,-0.015704,-9.1832e-05
0.0005146,-0.0078518,-8.7004e-05
0.0005163,-0.0018167,-0.00010285
0.000518,-0.0084122,-9.4202e-05
0.0005197,-0.0078518,-8.1531e-05
0.0005214,-0.013751,-0.00010097
0.0005231,-0.0078518,-8.2087e-05
0.0005248,0.0010774,-7.9501e-05
0.0005265,-0.0057209,-9.9227e-05
0.0005282,-0.00087463,-0.00010233
0.0005299,-0.015322,-9.4955e-05
0.0005316,-0.0032758,-0.00010694
0.0005333,0,-8.4403e-05
0.000535,-0.011553,-8.8369e-05
0.0005367,-0.012742,-8.4457e-05
0.0005384,-0.021178,-8.2087e-05
0.0005401,-6.7485e-05,-6.974e-05
0.0005418,-0.01438,-8.1028e-05
0.0005435,-0.013123,-8.0113e-05
0.0005452,-0.0080309,-9.1151e-05
0.0005469,-0.012944,-7.1732e-05
0.0005486,-0.014201,-9.3178e-05
0.0005503,-0.0080984,-7.6003e-05
0.000552,-0.014694,-8.2895e-05
0.0005537,-0.010118,-0.0001054
0.0005554,-0.015704,-8.7723e-05
0.0005571,-0.013998,-9.7109e-05
0.0005588,-0.0096689,-9.9011e-05
0.0005605,-0.015143,-6.3692e-05
0.0005622,-0.00069544,-7.175e-05
0.0005639,-0.0078518,-0.00010565
0.0005656,-0.0078518,-9.8365e-05
0.0005673,-0.0089285,-8.2949e-05
0.000569,-0.009983,-0.00010955
0.0005707,-0.014829,-8.6969e-05
0.0005724,-0.00038129,-8.8979e-05
0.0005741,-0.015704,-0.00010093
0.0005758,-0.0049579,-9.465e-05
0.0005775,-0.0078518,-0.00010353
0.0005792,-0.0078518,-9.2281e-05
0.0005809,-0.0078518,-9.7504e-05
0.0005826,-0.023354,-0.00010104
0.0005843,-0.0013234,-8.5192e-05
0.000586,-0.0051593,-9.465e-05
0.0005877,-0.011868,-9.7719e-05
0.0005894,-0.013371,-0.00012351
0.0005911,-0.0142,-0.00010962
0.0005928,-0.0080988,-0.00011978
0.0005945,-0.0078518,-0.00012525
0.0005962,-0.015704,-0.00010987
0.0005979,-0.00080821,-0.0001122
0.0005996,-0.0095561,-0.00010858
0.0006013,-0.013886,-0.00011059
0.000603,-0.014581,-9.6446e-05
0.0006047,-0.015008,-9.4094e-05
0.0006064,-0.0019514,-9.3052e-05
0.0006081,-0.0078518,-0.00010863
0.0006098,-0.0033879,-9.5639e-05
0.0006115,-0.01144,-9.519e-05
0.0006132,-0.014828,-0.00011837
0.0006149,-0.015704,-0.00010124
0.0006166,-0.009489,-9.596e-05
0.0006183,-0.01281,-0.00011416
0.00062,-0.015256,-0.00010389
0.0006217,-0.010812,-0.00011545
0.0006234,-0.0078518,-0.00011197
0.0006251,-0.0079185,-0.00011978
0.0006268,-0.015704,-9.5708e-05
0.0006285,-0.0025793,-0.00011125
0.0006302,-0.0078518,-0.00011685
0.0006319,-0.018463,-0.00010569
0.0006336,-0.012696,-0.00011978
0.0006353,-0.015456,-0.00012606
0.000637,-0.0078518,-0.00010883
0.0006387,-0.013438,-0.00012159
0.0006404,-0.0035214,-0.00011285
0.0006421,-0.0078518,-0.00014381
0.0006438,-0.013886,-0.00013379
0.0006455,-0.0078518,-0.0001449
0.0006472,-0.00069473,-0.00011405
0.0006489,-0.0078518,-0.00012137
0.0006506,-0.015704,-0.00011208
0.0006523,-0.0044635,-0.00012064
0.000654,-0.0078518,-0.00012947
0.0006557,-0.014828,-0.0001149
0.0006574,0,-0.00013142
0.0006591,-0.0078518,-0.00011847
0.0006608,-0.0020655,-0.0001082
0.0006625,-0.011554,-0.00010686
0.0006642,-0.0078518,-0.00013234
0.0006659,-0.0090416,-0.00014205
0.0006676,-0.0078518,-0.00013229
0.0006693,-0.0091744,-0.00012606
0.000671,-0.0078518,-0.00011556
0.0006727,-0.011687,-0.00013248
0.0006744,-0.012943,-0.00012606
0.0006761,-0.0078518,-0.00012098
0.0006778,-0.0078518,-0.00013842
0.0006795,-0.0088603,-0.00012992
0.0006812,-0.0078518,-0.0001484
0.0006829,-0.011373,-0.00013428
0.0006846,-0.0047773,-0.00012333
0.0006863,-0.0096699,-0.00014199
0.000688,-0.015142,-0.00012651
0.0006897,-0.00069438,-0.00010832
0.0006914,-0.0059011,-0.00011502
0.0006931,-0.0092897,-0.00013234
0.0006948,-0.0078518,-0.00012877
0.0006965,-0.015704,-0.00012373
0.0006982,-0.01658,-0.00013164
0.0006999,-0.022415,-0.00011978
0.0007016,-0.0078518,-0.00012082
0.0007033,-0.010745,-0.00012044
0.000705,-0.004149,-0.00012866
0.0007067,-0.010298,-0.00011978
0.0007084,-0.0066616,-0.00014737
0.0007101,-0.0077857,-0.00011978
0.0007118,-0.014381,-0.00012711
0.0007135,-0.0052732,-0.00011556
0.0007152,-0.0078518,-0.00012956
0.0007169,-0.015704,-0.00012606
0.0007186,-0.0063474,-0.00012339
0.0007203,-0.0080998,-0.00013174
0.000722,-0.0098681,-0.0001143
0.0007237,-0.0022644,-0.00011881
0.0007254,-0.0078518,-0.0001213
0.0007271,-0.012629,-0.0001236
0.0007288,-0.015704,-0.00010576
0.0007305,-0.014579,-0.00010631
0.0007322,-0.015009,-0.00013862
0.0007339,-0.009802,-0.00012762
0.0007356,-0.0046452,-0.00012862
0.0007373,-0.0078518,-0.00011878
0.000739,-0.0078518,-0.00012551
0.0007407,-0.0087282,-0.00011978
0.0007424,-0.015704,-0.00014997
0.0007441,-0.0078518,-0.00013862
0.0007458,-0.0078518,-0.00012903
0.0007475,-0.0037031,-0.00012309
0.0007492,-0.021108,-0.00011545
0.0007509,-0.0011906,-0.00013957
0.0007526,-0.015638,-0.00015704
0.0007543,-0.0065298,-0.00012711
0.000756,-0.015704,-0.00012821
0.0007577,-0.0040172,-0.00012927
0.0007594,-0.0078518,-0.00013607
0.0007611,-0.0078518,-0.00013621
0.0007628,0,-0.00011997
0.0007645,-0.0068439,-0.00012848
0.0007662,-0.0078518,-0.0001234
0.0007679,-0.011372,-0.00013234
0.0007696,-0.0047766,-0.00011705
0.0007713,-0.0018189,-0.0001246
0.000773,-0.014578,-0.00013682
0.0007747,-0.0078518,-0.00014268
0.0007764,-0.0078518,-0.00012918
0.0007781,-0.011058,-0.00012747
0.0007798,-0.0078518,-0.00012606
0.0007815,-0.01357,-0.00012148
0.0007832,-0.0078518,-0.00014908
0.0007849,-0.0082313,-0.00013771
0.0007866,-0.014068,-0.00014359
0.0007883,-0.0078518,-0.00014821
0.00079,-0.0041483,-0.00012641
0.0007917,-0.0078518,-0.00013193
0.0007934,-0.014513,-0.00015118
0.0007951,-0.0077864,-0.00010737
0.0007968,-0.014382,-0.00011038
0.0007985,-0.0025779,-0.0001029
0.0008002,-0.011686,-0.00012299
0.0008019,-0.015704,-0.00012606
0.0008036,-0.0063467,-0.00012752
0.0008053,-0.0078518,-0.00011369
0.000807,-0.02154,-9.7068e-05
0.0008087,-0.017967,-0.00010552
0.0008104,-0.00704,-9.6817e-05
0.0008121,-0.017404,-0.00011239
0.0008138,0.0018192,-0.00012943
0.0008155,-0.0078518,-0.00012651
0.0008172,-0.0085451,-0.00010149
0.0008189,-0.0098013,-8.9886e-05
0.0008206,-0.0032058,-0.00011208
0.0008223,-0.0078518,-0.00010721
0.000824,-0.01357,-0.00011752
0.0008257,-0.021801,-0.00011557
0.0008274,-0.0082309,-7.0738e-05
0.0008291,-0.0094872,-8.6012e-05
0.0008308,-0.0078518,-0.00010556
0.0008325,-0.012,-7.6161e-05
0.0008342,-0.0078518,-9.2285e-05
0.0008359,-0.0078518,-0.00011254
0.0008376,-6.5002e-05,-0.00010088
0.0008393,-0.0078518,-0.00011343
0.000841,0.0052742,-8.4149e-05
0.0008427,-0.0078518,-0.00011364
0.0008444,-0.0027617,-0.00011129
0.0008461,-0.014198,-0.00010721
0.0008478,-0.015454,-0.0001443
0.0008495,-0.015704,-0.00012283
0.0008512,-0.01344,-0.00011893
0.0008529,-0.011371,-0.00012671
0.0008546,-0.0078518,-0.00011349
0.0008563,-0.0018196,-0.00012943
0.000858,-0.00056331,-0.0001431
0.0008597,-0.0085447,-0.00013529
0.0008614,-0.015704,-0.00013229
0.0008631,-0.015704,-0.00015233
0.0008648,-0.00339,-0.00016289
0.0008665,-0.0078518,-0.00014831
0.0008682,-0.014826,-0.00013585
0.0008699,-0.015704,-0.00015149
0.0008716,-0.014068,-0.00016008
0.0008733,-0.0049604,-0.00016044
0.000875,-0.0041476,-0.00018816
0.0008767,-0.013256,-0.00020184
0.0008784,-0.0011916,-0.00018982
0.0008801,-0.0079164,-0.00020154
0.0008818,-0.0078518,-0.00018893
0.0008835,-0.0052746,-0.00018887
0.0008852,-0.0078518,-0.00018566
0.0008869,-0.002762,-0.00018294
0.0008886,-0.0078518,-0.00018887
0.0008903,-0.015205,-0.0002132
0.000892,0,-0.00019902
0.0008937,-0.0055887,-0.0001827
0.0008954,-0.0035193,-0.00018259
0.0008971,-0.0078518,-0.00018641
0.0008988,-0.0078518,-0.00019515
0.0009005,-0.015704,-0.00018932
0.0009022,-0.0071592,-0.00016541
0.0009039,-0.0078518,-0.00016214
0.0009056,-0.0078518,-0.00017259
0.0009073,0,-0.00017445
0.000909,-0.011435,-0.00016661
0.0009107,-0.0087296,-0.00015887
0.0009124,-0.0078518,-0.00016344
0.0009141,-0.0078518,-0.00015877
0.0009158,-0.0078518,-0.00016078
0.0009175,-0.011999,-0.00015379
0.0009192,-0.0078518,-0.00015078
0.0009209,0,-0.00014737
0.0009226,-0.0078518,-0.00015726
0.0009243,-0.0091723,-0.0001449
0.000926,-0.010429,-0.00016384
0.0009277,-0.0040187,-0.00015103
0.0009294,-0.0050894,-0.0001663
0.0009311,-0.014197,-0.00016521
0.0009328,-0.0078518,-0.00016903
0.0009345,-0.0078518,-0.00015827
0.0009362,-0.0078518,-0.00017982
0.0009379,-0.0043328,-0.00017284
0.0009396,-0.012627,-0.00017767
0.0009413,-0.0078518,-0.00017676
0.000943,0,-0.00018485
0.0009447,0,-0.00019294
0.0009464,-0.0059032,-0.00020932
0.0009481,-0.009294,-0.00018746
0.0009498,0,-0.00021585
0.0009515,-0.0021344,-0.00019973
0.0009532,-0.014825,-0.00022586
0.0009549,-0.0082299,-0.00022028
0.0009566,-0.0078518,-0.00020536
0.0009583,-0.018594,-0.00022325
0.00096,-0.0037049,-0.00021767
0.0009617,-0.0078518,-0.00022892
0.0009634,-0.014511,-0.00023284
0.0009651,-0.0077239,-0.00022671
0.0009668,-0.0013202,-0.00023495
0.0009685,-0.010551,-0.00023912
0.0009702,-0.0078518,-0.00022656
0.0009719,-0.0027628,-0.00022028
0.0009736,-0.0078518,-0.00021641
0.0009753,-0.0076015,-0.00022048
0.000977,0,-0.00021319
0.0009787,0.0022623,-0.00019696
0.0009804,-0.0043332,-0.00018475
0.0009821,-0.0078518,-0.00020415
0.0009838,0.0042105,-0.00017822
0.0009855,-0.00056437,-0.00017003
0.0009872,-0.0071599,-0.00019756
0.0009889,-0.0078518,-0.00015746
0.0009906,-0.0078518,-0.00015093
0.0009923,-0.0078518,-0.00012163
0.000994,-0.013569,-0.00012435
0.0009957,-0.0078518,-0.00011978
0.0009974,-0.015326,-0.0001144
0.0009991,-0.0045837,-0.00010093
0.0010008,-0.0057805,-7.8773e-05
0.0010025,-0.011557,-8.244e-05
0.0010042,-0.0078518,-7.8573e-05
0.0010059,0,-8.495e-05
0.0010076,-0.01564,-5.068e-05
0.0010093,-0.0065319,-5.2792e-05
0.001011,0,-4.43e-05
0.0010127,-0.0076648,-5.6662e-05
0.0010144,-0.0078518,-4.0328e-05
0.0010161,-0.0063449,-3.3041e-05
0.0010178,-0.0076012,-1.3794e-05
0.0010195,-0.0020114,-5.6962e-05
0.0010212,-0.010114,-5.3342e-05
0.0010229,-0.01137,-6.822e-05
0.0010246,-0.0078518,-4.9576e-05
0.0010263,0,-4.0577e-05
0.001028,-0.0084165,-5.8317e-05
0.0010297,-0.0071602,-5.1233e-05
0.0010314,-0.0019478,-8.5204e-05
0.0010331,0,-7.9524e-05
0.0010348,-0.0033914,-7.7664e-05
0.0010365,-0.0078518,-9.1234e-05
0.0010382,-0.0087306,-7.9321e-05
0.0010399,-0.0078518,-9.465e-05
0.0010416,-0.0078518,-9.7264e-05
0.0010433,-0.017775,-9.862e-05
0.001045,-0.0078518,-0.0001039
0.0010467,-0.013254,-0.00010721
0.0010484,-0.015704,-0.00011882
0.0010501,-0.0077885,-0.00010124
0.0010518,-0.014384,-9.5758e-05
0.0010535,-0.0078518,-0.0001134
0.0010552,-0.0001877,-0.00011671
0.0010569,-0.015704,-0.00011606
0.0010586,-0.012689,-0.00012726
0.0010603,-0.0078518,-0.00012018
0.001062,-0.0078518,-0.00012284
0.0010637,-0.0078518,-9.2089e-05
0.0010654,-0.0078518,-0.00010158
0.0010671,-0.0047741,-8.4549e-05
0.0010688,-0.0060304,-7.7263e-05
0.0010705,-0.0072867,-5.7866e-05
0.0010722,-0.015012,-7.1183e-05
0.0010739,-0.0078518,-7.4248e-05
0.0010756,-0.0125,-7.7465e-05
0.0010773,-0.0078518,-6.7666e-05
0.001079,-0.004271,-6.0378e-05
0.0010807,-0.0078518,-8.2791e-05
0.0010824,-0.0078518,-6.9826e-05
0.0010841,-0.0032666,-6.847e-05
0.0010858,-0.0049622,-7.7464e-05
0.0010875,-0.0041458,-8.8721e-05
0.0010892,0,-6.9122e-05
0.0010909,-0.0066584,-6.4198e-05
0.0010926,-0.0077889,-8.2138e-05
0.0010943,-0.0078518,-7.4751e-05
0.001096,-0.0025754,-8.4148e-05
0.0010977,-0.0038317,-6.3544e-05
0.0010994,-0.0050879,-0.00012163
0.0011011,-0.0078518,-0.00011616
0.0011028,-0.015704,-0.00011958
0.0011045,-0.013694,-0.00014088
0.0011062,-0.0045225,-0.00012073
0.0011079,-0.00081672,-0.00013777
0.0011096,-0.0078518,-0.00014736
0.0011113,-0.0060301,-0.00016857
0.001113,-0.0078518,-0.00016063
0.0011147,-0.0078518,-0.00019349
0.0011164,-0.0078518,-0.00018098
0.0011181,-0.0032034,-0.00019887
0.0011198,-0.0089193,-0.00020958
0.0011215,0,-0.00021741
0.0011232,-0.0069722,-0.00020983
0.0011249,-0.01495,-0.00022535
0.0011266,-0.0032659,-0.00020902
0.0011283,-0.0057784,-0.00021862
0.00113,0,-0.000255
0.0011317,-0.013254,-0.00024385
0.0011334,-0.0090455,-0.0002241
0.0011351,0,-0.00023284
0.0011368,-0.014385,-0.0002454
0.0011385,-0.0078518,-0.00023706
0.0011402,-0.0078518,-0.00023299
0.0011419,0,-0.00022621
0.0011436,0,-0.00021013
0.0011453,0,-0.00022048
0.001147,-0.0068471,-0.00023204
0.0011487,-0.0078518,-0.00020505
0.0011504,-0.0070343,-0.00021269
0.0011521,-0.0078518,-0.00020907
0.0011538,-0.0078518,-0.00019953
0.0011555,-0.00056579,-0.00020817
0.0011572,0,-0.00021344
0.0011589,-0.01181,-0.00022028
0.0011606,0,-0.00020143
0.0011623,-0.0044593,-0.00021128
0.001164,-0.0078518,-0.00020314
0.0011657,-0.015704,-0.00023631
0.0011674,-0.0078518,-0.0002158
0.0011691,-0.0032652,-0.0002454
0.0011708,-0.012815,-0.0002441
0.0011725,-0.0037066,-0.00025133
0.0011742,-0.015704,-0.00025993
0.0011759,0.0054636,-0.00023857
0.0011776,-0.0078518,-0.0002643
0.0011793,-0.0078518,-0.00027576
0.001181,-0.013129,-0.00027043
0.0011827,-0.011873,-0.00028616
0.0011844,-0.0078518,-0.00031043
0.0011861,-0.012687,-0.00029299
0.0011878,-0.023051,-0.0002837
0.0011895,-0.015704,-0.00030113
0.0011912,-0.010112,-0.00030907
0.0011929,-0.012187,-0.00031515
0.0011946,-0.0078518,-0.00029922
0.0011963,-0.0018224,-0.00030485
0.001198,-0.0078518,-0.00030822
0.0011997,-0.0078518,-0.00029676
0.0012014,-0.0058392,-0.0003051
0.0012031,0,-0.00030962
0.0012048,-0.01677,-0.00031807
0.0012065,0,-0.00027967
0.0012082,-0.021795,-0.00029842
0.0012099,0,-0.00024721
0.0012116,-0.009484,-0.00025168
0.0012133,-0.005777,-0.00023977
0.001215,-0.0078518,-0.00022394
0.0012167,-0.0024507,-0.00019239
0.0012184,-0.0023889,-0.00021017
0.0012201,-0.015704,-0.00017631
0.0012218,0,-0.00015435
0.0012235,-0.0025743,-0.00012801
0.0012252,-0.0040211,-0.0001331
0.0012269,-0.0050869,-0.000115
0.0012286,-0.0078518,-0.00010891
0.0012303,-0.0075994,-6.9121e-05
0.001232,-0.0068478,-6.244e-05
0.0012337,-0.0078518,-1.9273e-05
0.0012354,-0.0043353,-4.29e-07
0.0012371,-0.010931,-1.784e-06
0.0012388,-0.0018228,1.1685e-05
0.0012405,-0.0078518,4.9822e-05
0.0012422,-0.0085415,2.0623e-05
0.0012439,-0.001946,5.4547e-05
0.0012456,-0.0032023,4.7014e-05
0.0012473,-0.0078518,3.726e-05
0.001249,-0.0021369,3.0978e-05
0.0012507,-0.00088066,5.4695e-05
0.0012524,-0.0078518,3.726e-05
0.0012541,-0.0078518,5.3493e-05
0.0012558,-0.012815,8.163e-06
0.0012575,-0.011122,-1.5608e-05
0.0012592,0.0029496,-4.2837e-05
0.0012609,-0.0078518,-5.068e-05
0.0012626,-0.0079132,-6.9623e-05
0.0012643,-0.006534,-0.00011033
0.001266,-0.002574,-0.00014295
0.0012677,-0.008043,-0.00017631
0.0012694,-0.015704,-0.00020621
0.0012711,0.001509,-0.0002442
0.0012728,-0.0002527,-0.00029059
0.0012745,0,-0.00032867
0.0012762,-0.0055919,-0.00036114
0.0012779,0.0043357,-0.00041416
0.0012796,-0.0047724,-0.00043631
0.0012813,-0.0078518,-0.00048892
0.001283,-0.0078518,-0.00051686
0.0012847,-0.0071623,-0.0005641
0.0012864,-0.0078518,-0.00060189
0.0012881,-0.0078518,-0.00063997
0.0012898,-0.0078518,-0.00065811
0.0012915,-0.013566,-0.00067139
0.0012932,-0.0069707,-0.0007151
0.0012949,0,-0.00073445
0.0012966,-0.003263,-0.00074555
0.0012983,-0.0099279,-0.00076445
0.0013,-0.0037077,-0.00076484
0.0013017,0,-0.00076636
0.0013034,0,-0.00076867
0.0013051,-6.11e-05,-0.0007542
0.0013068,-0.0013174,-0.00073957
0.0013085,0.0025736,-0.00075626
0.0013102,-0.0040219,-0.00072279
0.0013119,0,-0.00070545
0.0013136,-0.012685,-0.00068027
0.0013153,-0.00025306,-0.00064113
0.001317,-0.0068485,-0.0006128
0.0013187,0,-0.00054786
0.0013204,-0.0035157,-0.00050575
0.0013221,-0.004772,-0.00045873
0.0013238,-0.0060283,-0.00043429
0.0013255,-0.0072845,-0.00035847
0.0013272,-0.014325,-0.00029896
0.0013289,-0.0039611,-0.00025952
0.0013306,-0.0032016,-0.00020515
0.0013323,-0.01231,-0.00011078
0.001334,-0.0099894,-7.9818e-05
0.0013357,-0.0069704,-1.9209e-05
0.0013374,0.007102,3.606e-05
0.0013391,-0.0016312,0.00010114
0.0013408,-0.0028874,0.0001652
0.0013425,-0.00043565,0.0001854
0.0013442,0,0.00024455
0.0013459,-0.0066562,0.00032525
0.0013476,-0.007791,0.00035128
0.0013493,-0.014387,0.0003953
0.001351,-0.0052785,0.00043072
0.0013527,0,0.00048952
0.0013544,0.0050858,0.00050358
0.0013561,-0.0048324,0.0005446
0.0013578,-0.0081052,0.00054079
0.0013595,-0.0010029,0.00059858
0.0013612,-0.0078518,0.00059278
0.0013629,-0.0078518,0.00059828
0.0013646,-0.0030801,0.00060505
0.0013663,-0.0018238,0.0006055
0.001368,-0.00056757,0.00060077
0.0013697,-0.0071631,0.00058374
0.0013714,0.001945,0.00057896
0.0013731,-0.0078518,0.00056978
0.0013748,-0.011246,0.00052008
0.0013765,-0.0057138,0.00050267
0.0013782,-0.00088172,0.00047625
0.0013799,-0.00037455,0.00044047
0.0013816,-0.0032616,0.00041178
0.0013833,-0.0028871,0.00038902
0.001385,-0.0074168,0.00033912
0.0013867,-0.0078518,0.00031168
0.0013884,-0.0011959,0.00027458
0.0013901,-0.0078518,0.00021314
0.0013918,0,0.00018801
0.0013935,0,0.00013148
0.0013952,-0.0040226,9.9919e-05
0.0013969,-0.0027663,6.2027e-05
0.0013986,0,5.852e-06
0.0014003,-0.00025377,-3.8117e-05
0.001402,-0.0078518,-9.1442e-05
0.0014037,0,-0.00010446
0.0014054,0,-0.00015184
0.0014071,-0.0030805,-0.00018887
0.0014088,-0.0078518,-0.00021165
0.0014105,-0.0072838,-0.00026735
0.0014122,-0.00068835,-0.00025224
0.0014139,-0.0019446,-0.00028943
0.0014156,-0.012503,-0.0003231
0.0014173,-0.0067892,-0.00032893
0.001419,-0.0057134,-0.00034532
0.0014207,-0.0078518,-0.00038494
0.0014224,0,-0.00035817
0.0014241,-0.012443,-0.0003721
0.0014258,-0.004965,-0.00038655
0.0014275,0,-0.00036737
0.0014292,-0.0024525,-0.00039891
0.0014309,-0.0078518,-0.00040585
0.0014326,-0.0077917,-0.00039611
0.0014343,0,-0.00038882
0.001436,0,-0.00040049
0.0014377,-0.0040229,-0.0003931
0.0014394,-0.0027667,-0.00037582
0.0014411,-0.0015104,-0.00037127
0.0014428,-0.0075976,-0.00036556
0.0014445,-0.0010021,-0.00036328
0.0014462,0.0033349,-0.00036114
0.0014479,0,-0.00039813
0.0014496,-0.0030808,-0.00037978
0.0014513,-0.0018245,-0.00038169
0.001453,0.0067152,-0.00036566
0.0014547,-0.001376,-0.00040299
0.0014564,-0.011815,-0.00041345
0.0014581,-0.0046512,-0.00041896
0.0014598,-0.0023331,-0.00040702
0.0014615,-0.0078518,-0.00043671
0.0014632,-0.00088243,-0.00047012
0.0014649,-0.0074779,-0.00047273
0.0014666,-0.0078518,-0.00049536
0.0014683,-0.0078518,-0.00051089
0.00147,0.00043352,-0.00052406
0.0014717,-0.0024529,-0.00056576
0.0014734,-0.0066552,-0.00056384
0.0014751,-0.015644,-0.0005845
0.0014768,0,-0.00062646
0.0014785,0,-0.00065803
0.0014802,0.00019479,-0.00068204
0.0014819,0,-0.0006936
0.0014836,-0.006341,-0.00070636
0.0014853,-0.0078518,-0.00074812
0.001487,-0.0078518,-0.00076984
0.0014887,-0.0055937,-0.0007739
0.0014904,-0.0078518,-0.00079039
0.0014921,0,-0.00081296
0.0014938,-0.0078518,-0.00083878
0.0014955,-0.0084204,-0.00084305
0.0014972,-0.00068764,-0.00085415
0.0014989,-0.011816,-0.00087355
0.0015006,-0.011052,-0.00087983
0.0015023,-0.0044564,-0.00086913
0.001504,0,-0.00087926
0.0015057,-0.0078518,-0.00088399
0.0015074,-0.0074783,-0.0008553
0.0015091,-0.0078518,-0.00084735
0.0015108,-0.0049657,-0.00084214
0.0015125,-0.00043281,-0.00083289
0.0015142,-0.01325,-0.00081269
0.0015159,0.0054579,-0.00080158
0.0015176,-0.0078518,-0.00074796
0.0015193,-0.0091674,-0.00074374
0.001521,-0.0051437,-0.00070384
0.0015227,-0.0078518,-0.0006756
0.0015244,-0.0050844,-0.00065998
0.0015261,-0.0078518,-0.00058967
0.0015278,0,-0.0005536
0.0015295,0.0068503,-0.00054691
0.0015312,-0.0078518,-0.00045811
0.0015329,-0.011366,-0.00039897
0.0015346,-0.0030815,-0.00036745
0.0015363,-0.013878,-0.00030676
0.001538,-0.0084207,-0.00026152
0.0015397,-0.0071645,-0.00020418
0.0015414,-0.0059082,-0.00015429
0.0015431,-0.0046519,-9.9533e-05
0.0015448,-0.0078518,-4.2531e-05
0.0015465,-0.0078518,4.706e-06
0.0015482,-0.00088314,6.9373e-05
0.0015499,-0.0078518,0.00011234
0.0015516,-0.0062224,0.00016289
0.0015533,-0.0057713,0.00022506
0.001555,0,0.00027195
0.0015567,-0.0049071,0.00031089
0.0015584,-0.0078518,0.00034451
0.0015601,0,0.00038269
0.0015618,-0.0078518,0.00042983
0.0015635,-0.0078518,0.00045606
0.0015652,-0.0078518,0.00049243
0.0015669,-0.0078518,0.00052685
0.0015686,-0.0093632,0.0005347
0.0015703,-0.0075966,0.00057179
0.001572,-0.0078518,0.00058066
0.0015737,-0.0022574,0.00060981
0.0015754,-0.0078518,0.00063399
0.0015771,-0.0078518,0.00064139
0.0015788,-0.0018256,0.0006432
0.0015805,-0.0078518,0.00067305
0.0015822,-0.00068693,0.00069736
0.0015839,0,0.00069681
0.0015856,-0.0078518,0.00069308
0.0015873,0,0.00067814
0.001589,-0.0021398,0.0006871
0.0015907,-0.0078518,0.00070379
0.0015924,-0.007479,0.00068484
0.0015941,-0.0078518,0.00067796
0.0015958,-0.010737,0.00066502
0.0015975,-0.0041416,0.00065318
0.0015992,-0.015704,0.0006336
0.0016009,0.0066541,0.00061568
0.0016026,-0.0077931,0.0006151
0.0016043,0,0.00058795
0.001606,0,0.00056284
0.0016077,-0.00019692,0.00051771
0.0016094,-0.0050837,0.00049987
0.0016111,0.0048281,0.00047719
0.0016128,-0.0081073,0.00043238
0.0016145,-0.006851,0.00039142
0.0016162,-0.01119,0.0003657
0.0016179,-0.0035133,0.00032901
0.0016196,-0.0030822,0.00028112
0.0016213,-0.0041998,0.0002387
0.001623,-0.0078518,0.00020458
0.0016247,-0.00068657,0.00016862
0.0016264,-0.0078518,0.00010169
0.0016281,0,3.1212e-05
0.0016298,-0.0078518,-2.012e-05
0.0016315,-0.0078518,-8.0942e-05
0.0016332,-0.0060841,-0.00014631
0.0016349,-0.00037242,-0.00018947
0.0016366,0,-0.00024778
0.0016383,-0.002885,-0.00031681
0.00164,0,-0.00038394
0.0016417,-0.0078518,-0.00043895
0.0016434,0.001198,-0.00050826
0.0016451,0.0077352,-0.00055338
0.0016468,-0.0078518,-0.00062857
0.0016485,-0.0078518,-0.00067882
0.0016502,0,-0.00074807
0.0016519,-0.0050833,-0.00079189
0.0016536,0.0033153,-0.00083683
0.0016553,-0.00025589,-0.00092339
0.001657,0,-0.00094812
0.0016587,-0.0055951,-0.00099109
0.0016604,-0.0035129,-0.0010089
0.0016621,-0.0078518,-0.0010745
0.0016638,0,-0.0011036
0.0016655,0,-0.0011199
0.0016672,0.00068622,-0.0011488
0.0016689,0.0039668,-0.0011578
0.0016706,0,-0.0011713
0.0016723,-0.011248,-0.0011805
0.001674,-0.0021405,-0.0012059
0.0016757,-0.0078518,-0.0011695
0.0016774,-0.0074797,-0.0011496
0.0016791,-0.0062234,-0.0011402
0.0016808,0.0028846,-0.0011208
0.0016825,-0.0078518,-0.0011026
0.0016842,-0.0053971,-0.0010769
0.0016859,-0.0066534,-0.0010359
0.0016876,-0.0077939,-0.00099308
0.0016893,-0.0078518,-0.00095313
0.001691,-0.0025704,-0.0009174
0.0016927,0,-0.00084826
0.0016944,0,-0.00081738
0.0016961,0,-0.00077448
0.0016978,-0.0078518,-0.00074
0.0016995,-0.0068517,-0.00068818
0.0017012,-0.0022563,-0.00063305
0.0017029,0.00082665,-0.00055402
0.0017046,-0.010935,-0.00050317
0.0017063,0.0023717,-0.00045459
0.001708,0,-0.00038851
0.0017097,0,-0.00034755
0.0017114,-0.0059096,-0.0003066
0.0017131,-0.0078518,-0.00025192
0.0017148,-0.011249,-0.00021297
0.0017165,-0.0021408,-0.00016546
0.0017182,-0.00088456,-0.00013791
0.0017199,-0.00037171,-0.00011948
0.0017216,-0.015704,-7.9482e-05
0.0017233,-0.0028842,-4.504e-05
0.001725,0,-2.2586e-05
0.0017267,-0.0053968,3.888e-06
0.0017284,-0.0011987,2e-09
0.0017301,-0.0079093,4.9684e-05
0.0017318,-0.0078518,4.0413e-05
0.0017335,-0.0052817,6.0216e-05
0.0017352,-0.011678,7.1887e-05
0.0017369,-0.0050826,9.3792e-05
0.0017386,-0.0015129,0.0001003
0.0017403,-0.0078518,5.0233e-05
0.001742,-0.0019993,7.8947e-05
0.0017437,-0.010108,7.2276e-05
0.0017454,-0.015704,7.2138e-05
0.0017471,-0.0095369,4.4889e-05
0.0017488,-0.0060247,4.9822e-05
0.0017505,0,3.726e-05
0.0017522,0.0071663,5.7201e-05
0.0017539,-0.0019418,3.2532e-05
0.0017556,-0.0078518,2.0974e-05
0.0017573,-0.0067949,3.0133e-05
0.001759,-0.0021412,1.0421e-05
0.0017607,-0.0087367,1.6999e-05
0.0017624,-0.0078518,1.7524e-05
0.0017641,0,-2.1877e-05
0.0017658,-0.0028839,-2.094e-05
0.0017675,0,-2.7152e-05
0.0017692,-0.0078518,-4.8327e-05
0.0017709,0,-5.3125e-05
0.0017726,-5.7198e-05,-6.3106e-05
0.0017743,-0.0078518,-6.7423e-05
0.001776,-0.010421,-7.375e-05
0.0017777,-0.003826,-6.0342e-05
0.0017794,-0.0027695,-8.8369e-05
0.0017811,0.0048253,-0.00010358
0.0017828,-0.00025696,-0.0001068
0.0017845,0,-0.00013862
0.0017862,0,-9.1978e-05
0.0017879,-0.0043399,-0.00011564
0.0017896,-0.0047681,-0.00011238
0.0017913,-0.004197,-0.00011203
0.001793,0,-0.0001095
0.0017947,-0.0013703,-0.00014271
0.0017964,-0.0019414,-0.0001214
0.0017981,-0.0031977,-0.00010977
0.0017998,-0.0033978,-0.00012147
0.0018015,0,-0.00013919
0.0018032,-0.013933,-0.00012048
0.0018049,-0.0078518,-0.00015539
0.0018066,-0.0078518,-0.00012238
0.0018083,-0.0086506,-0.00012772
0.00181,-0.003712,-0.00011875
0.0018117,-0.0024557,-0.00012448
0.0018134,-0.0066523,-0.00012318
0.0018151,0.0077381,-8.2269e-05
0.0018168,0,-9.0491e-05
0.0018185,-0.0052824,-9.6591e-05
0.0018202,-0.0040261,-8.1606e-05
0.0018219,-0.0027698,-7.1374e-05
0.0018236,-0.0063382,-6.2032e-05
0.0018253,0,-2.0508e-05
0.001827,0,-3.8917e-05
0.0018287,0.0022552,-4.079e-05
0.0018304,-0.0078518,-1.9273e-05
0.0018321,-0.003084,-1.1645e-05
0.0018338,-0.0036555,5.852e-06
0.0018355,0,2.8e-08
0.0018372,-0.0085366,-4.29e-07
0.0018389,-0.0059107,1.0581e-05
0.0018406,-0.0031973,1.9807e-05
0.0018423,-0.0044536,5.852e-06
0.001844,-0.0057099,2.1842e-05
0.0018457,-0.0069661,2.7436e-05
0.0018474,0.0067398,3.0385e-05
0.0018491,-0.0094787,3.5958e-05
0.0018508,-0.01282,2.8672e-05
0.0018525,-0.011991,2.4697e-05
0.0018542,-0.002456,8.204e-06
0.0018559,-0.0011998,8e-09
0.0018576,-5.6489e-05,1.2043e-05
0.0018593,0.0013128,9.003e-06
0.001861,-0.005138,-1.9273e-05
0.0018627,-0.0038253,-3.8117e-05
0.0018644,0.0023114,-4.6982e-05
0.0018661,-0.0063378,-7.1947e-05
0.0018678,-0.015704,-0.00010783
0.0018695,-0.0078518,-0.00011498
0.0018712,0,-0.00012158
0.0018729,-0.0026816,-0.0001497
0.0018746,-0.0030844,-0.00017878
0.0018763,-0.0018281,-0.0001899
0.001878,-0.015704,-0.00019744
0.0018797,-0.00068444,-0.00023175
0.0018814,-0.0097925,-0.00025486
0.0018831,-0.003197,-0.00030054
0.0018848,-0.0078518,-0.00030822
0.0018865,-0.0021422,-0.00032135
0.0018882,-0.00088598,-0.00031804
0.0018899,0.0078518,-0.00037014
0.0018916,0,-0.00037471
0.0018933,-0.0099379,-0.00037962
0.001895,-0.0078518,-0.00039582
0.0018967,-0.0078518,-0.00039851
0.0018984,-0.0078518,-0.00040968
0.0019001,-0.0077395,-0.00043371
0.0019018,-0.0013124,-0.00040664
0.0019035,-0.0025687,-0.00042551
0.0019052,-0.0078518,-0.00041806
0.0019069,-0.0050812,-0.00041611
0.0019086,-0.012675,-0.00041644
0.0019103,-0.0075937,-0.00039698
0.001912,-0.0078518,-0.00040324
0.0019137,-0.0078518,-0.00038266
0.0019154,-0.0078518,-0.00037665
0.0019171,0,-0.00035847
0.0019188,0,-0.00035072
0.0019205,-0.0078518,-0.00035664
0.0019222,-0.00068409,-0.00033035
0.0019239,-0.0078518,-0.00032389
0.0019256,0,-0.00030449
0.0019273,-0.0044529,-0.00029922
0.001929,-0.0057092,-0.00027567
0.0019307,-0.0069654,-0.00025027
0.0019324,-0.0078518,-0.00021488
0.0019341,-0.009478,-0.0002415
0.0019358,-0.0078518,-0.00019913
0.0019375,-0.0041387,-0.00018624
0.0019392,0,-0.00018139
0.0019409,-0.0066513,-0.00015022
0.0019426,0,-0.00012606
0.0019443,-0.0065397,-0.00011141
0.001946,-0.0078518,-0.00012183
0.0019477,-0.011879,-0.00010126
0.0019494,-0.010623,-8.4304e-05
0.0019511,-0.0030293,-0.00010093
0.0019528,-0.0081101,-8.2707e-05
0.0019545,-0.0078518,-9.2255e-05
0.0019562,-0.0055976,-8.1216e-05
0.0019579,0,-0.00011615
0.0019596,0,-0.00011484
0.0019613,-0.0018288,-0.00011978
0.001963,-0.00057253,-0.00013188
0.0019647,-0.0085355,-0.00015692
0.0019664,-0.00194,-0.0001684
0.0019681,0,-0.00020049
0.0019698,-0.0044525,-0.00022656
0.0019715,-0.002143,-0.00024027
0.0019732,-0.00088669,-0.00030893
0.0019749,0,-0.00034561
0.0019766,0,-0.00034223
0.0019783,-0.0028821,-0.00041834
0.00198,-0.0041384,-0.00044641
0.0019817,0,-0.00050807
0.0019834,-0.0078518,-0.00052319
0.0019851,-0.0078518,-0.00058464
0.0019868,-0.0013117,-0.00062334
0.0019885,-0.0052838,-0.00066649
0.0019902,-0.0040275,-0.00071651
0.0019919,-0.0078518,-0.0007505
0.0019936,-0.0078518,-0.00078803
0.0019953,-0.00025873,-0.00082916
0.001997,0.0068542,-0.00084523
0.0019987,-0.0022538,-0.00088785
0.0020004,-0.0078518,-0.00089453
0.0020021,0,-0.00092626
0.0020038,0,-0.00093636
0.0020055,-0.015131,-0.00096148
0.0020072,-0.0078518,-0.00093855
0.0020089,-0.0078518,-0.00095993
0.0020106,-0.0063918,-0.00097383
0.0020123,-0.0033996,-0.0009552
0.002014,0,-0.00095235
0.0020157,-0.00088704,-0.00094335
0.0020174,0,-0.00088906
0.0020191,-0.0062263,-0.00090625
0.0020208,-0.0078518,-0.00088444
0.0020225,-0.0082761,-0.0008547
0.0020242,-0.0078518,-0.00081543
0.0020259,-0.014502,-0.00076772
0.0020276,0,-0.00074787
0.0020293,-0.0052291,-0.00072906
0.002031,-0.010419,-0.0006514
0.0020327,-0.0080558,-0.00059716
0.0020344,-0.0078518,-0.00053028
0.0020361,-0.0063364,-0.00047396
0.0020378,-0.00025909,-0.00045103
0.0020395,0,-0.00040244
0.0020412,0,-0.00034946
0.0020429,-0.0035097,-0.00029351
0.0020446,-0.010938,-0.00023687
0.0020463,-0.0060223,-0.00019997
0.002048,-0.008425,-0.00014215
0.0020497,-0.0085348,-6.1879e-05
0.0020514,-0.0039732,-4.4399e-05
0.0020531,0,1.7027e-05
0.0020548,-0.0010519,5.4225e-05
0.0020565,0,0.00010007
0.0020582,0.0069644,0.00011548
0.0020599,-0.0078518,0.00014404
0.0020616,0.0016251,0.00019798
0.0020633,0.0028814,0.00019891
0.002065,-0.011566,0.00023793
0.0020667,-0.0078518,0.00027634
0.0020684,-0.0078518,0.00028416
0.0020701,-0.015594,0.00031988
0.0020718,-0.0065408,0.00032411
0.0020735,-0.0025672,0.00033249
0.0020752,-0.011675,0.00032926
0.0020769,0,0.0003698
0.0020786,-0.012672,0.0003564
0.0020803,-0.00025944,0.00036389
0.002082,-0.0078518,0.00038035
0.0020837,-0.0078518,0.00038181
0.0020854,-0.0078518,0.00036523
0.0020871,-0.0078518,0.00037892
0.0020888,-0.0060219,0.00035822
0.0020905,-0.0072782,0.00036435
0.0020922,-0.0071691,0.00033986
0.0020939,-0.0059128,0.00035606
0.0020956,0,0.00033504
0.0020973,-0.0078518,0.00033061
0.002099,-0.017848,0.00033877
0.0021007,-0.006964,0.00031648
0.0021024,0,0.00030677
0.0021041,-0.0046022,0.00031386
0.0021058,-0.0078518,0.00030108
0.0021075,-0.0037144,0.00028453
0.0021092,0,0.0002889
0.0021109,-0.0066499,0.00025615
0.0021126,-0.007743,0.0002572
0.0021143,-0.0078518,0.00024559
0.002116,-0.015704,0.00021713
0.0021177,0,0.0002381
0.0021194,-0.012931,0.00018986
0.0021211,-0.0015161,0.00019044
0.0021228,-0.0002598,0.00016289
0.0021245,-0.0078518,0.00016209
0.0021262,-0.011198,0.0001548
0.0021279,-0.003509,0.00011678
0.0021296,0,8.0103e-05
0.0021313,-0.009682,6.8667e-05
0.002133,-0.0072778,6.2385e-05
0.0021347,0,2.5243e-05
0.0021364,-0.0097903,9.032e-06
0.0021381,-0.0078518,-1.5548e-05
0.0021398,-0.0078518,-4.984e-05
0.0021415,-0.0021444,-9.2935e-05
0.0021432,-0.0078518,-0.00011491
0.0021449,-0.0082199,-0.00015599
0.0021466,-0.0078518,-0.00016504
0.0021483,0,-0.00020875
0.00215,-0.0078518,-0.00025993
0.0021517,0,-0.00028703
0.0021534,-0.013299,-0.00032367
0.0021551,0,-0.00033343
0.0021568,0.0039209,-0.00038045
0.0021585,-0.0025665,-0.00041307
0.0021602,0,-0.00045963
0.0021619,-0.0078518,-0.00050072
0.0021636,-0.0015164,-0.00051672
0.0021653,-0.0078518,-0.00053477
0.002167,0.0078518,-0.00054771
0.0021687,-0.011199,-0.00059716
0.0021704,-0.0035087,-0.00062362
0.0021721,-0.0078518,-0.00063464
0.0021738,-0.0078518,-0.00067589
0.0021755,0,-0.00069766
0.0021772,-0.0078518,-0.00070449
0.0021789,-0.0039753,-0.00072279
0.0021806,-0.0031945,-0.00072886
0.0021823,-0.012303,-0.00073619
0.002184,-0.0078518,-0.00075533
0.0021857,-0.0078518,-0.00074863
0.0021874,-0.007484,-0.00076588
0.0021891,-0.0016241,-0.00074922
0.0021908,-0.0099428,-0.00075189
0.0021925,0,-0.00073569
0.0021942,-0.0078518,-0.00072203
0.0021959,-0.0024052,-0.00071651
0.0021976,-0.0078518,-0.00071647
0.0021993,-0.013084,-0.00065789
0.002201,-0.0025662,-0.00067266
0.0022027,-0.0078518,-0.00064113
0.0022044,-0.0078518,-0.00063707
0.0022061,-0.006335,-0.00059838
0.0022078,-0.0002605,-0.00059591
0.0022095,-0.0078518,-0.00053444
0.0022112,-0.002252,-0.00052626
0.0022129,0.0035083,-0.000498
0.0022146,-0.0078518,-0.00047535
0.0022163,-0.0096827,-0.00045416
0.002218,-0.00057466,-0.00042848
0.0022197,-0.0085334,-0.000415
0.0022214,-0.013766,-0.0003694
0.0022231,0.0014635,-0.00037731
0.0022248,-0.0034014,-0.00035031
0.0022265,-0.0021451,-0.00034762
0.0022282,0,-0.00032635
0.0022299,-0.0074843,-0.00032049
0.0022316,-0.0016237,-0.00029587
0.0022333,-0.00288,-0.0002877
0.002235,-0.0041363,-0.00028079
0.0022367,-0.0078518,-0.00028271
0.0022384,-0.0078518,-0.00027681
0.0022401,0,-0.00025822
0.0022418,-0.0065422,-0.00026844
0.0022435,0.0027201,-0.0002686
0.0022452,0.00020756,-0.00027375
0.0022469,0,-0.00030081
0.0022486,-0.012669,-0.00026689
0.0022503,-0.015182,-0.0002944
0.002252,-0.0078518,-0.00026275
0.0022537,-0.0078518,-0.00029833
0.0022554,-0.0043438,-0.00029499
0.0022571,-0.0030875,-0.00031563
0.0022588,-0.0041892,-0.00032078
0.0022605,-0.0072767,-0.00033824
0.0022622,-0.0078518,-0.00032706
0.0022639,-0.0097893,-0.00034126
0.0022656,-0.0078518,-0.0003359
0.0022673,-0.011253,-0.00033858
0.002269,-0.0057063,-0.00035847
0.0022707,-0.0078518,-0.00034591
0.0022724,-0.0078518,-0.00036446
0.0022741,0,-0.00032966
0.0022758,0,-0.00035282
0.0022775,-0.011988,-0.00034854
0.0022792,-0.015704,-0.00033372
0.0022809,-0.0066484,-0.00030725
0.0022826,-0.015651,-0.00029574
0.0022843,-0.009161,-0.00030194
0.002286,-0.0078518,-0.00027694
0.0022877,0,-0.00024846
0.0022894,-0.010626,-0.00023468
0.0022911,-0.0015175,-0.00021378
0.0022928,-0.00026121,-0.0001761
0.0022945,-0.0068567,-0.00016215
0.0022962,-0.0056004,-0.00013146
0.0022979,-0.012196,-0.0001171
0.0022996,-0.0078518,-7.4465e-05
0.0023013,-0.011515,-5.0055e-05
0.002303,-0.015128,-2.9534e-05
0.0023047,-0.0085327,1.7326e-05
0.0023064,-0.015704,2.7961e-05
0.0023081,-0.0031934,6.9838e-05
0.0023098,-0.0068041,9.1071e-05
0.0023115,-0.0078518,0.00010979
0.0023132,-0.0087413,0.00013077
0.0023149,-0.015337,0.00015661
0.0023166,-0.014081,0.00018412
0.0023183,-0.010731,0.00020162
0.00232,-0.0074324,0.00019991
0.0023217,-0.010312,0.00021745
0.0023234,-0.0078518,0.00023827
0.0023251,0.0077992,0.00024455
0.0023268,-0.0078518,0.00025711
0.0023285,-0.013138,0.00022378
0.0023302,-0.0078518,0.00021636
0.0023319,-0.0078518,0.00019873
0.0023336,0,0.00019044
0.0023353,0,0.00021293
0.002337,0.0009947,0.0001935
0.0023387,-0.013453,0.00014677
0.0023404,-0.0035072,0.00014752
0.0023421,-0.0030883,0.00012252
0.0023438,-0.0060198,6.5316e-05
0.0023455,-0.0078518,9.195e-05
0.0023472,0,3.2067e-05
0.0023489,-0.0097886,1.205e-05
0.0023506,-0.011045,-6.71e-06
0.0023523,-0.0044493,-4.7121e-05
0.002354,-0.0021461,-3.929e-05
0.0023557,-0.00088988,-0.00011349
0.0023574,-0.0074854,-0.00012576
0.0023591,-0.010836,-0.00015508
0.0023608,-0.0049728,-0.00020709
0.0023625,-0.0041352,-0.00021136
0.0023642,-0.015704,-0.00027916
0.0023659,-0.0078518,-0.00029565
0.0023676,0,-0.00032698
0.0023693,-0.0078518,-0.00035114
0.002371,0.0027222,-0.00037539
0.0023727,-0.003821,-0.00038376
0.0023744,0,-0.00042091
0.0023761,-0.0063336,-0.00042999
0.0023778,-0.0073279,-0.00044013
0.0023795,-0.00099434,-0.00047941
0.0023812,-0.0022506,-0.00046169
0.0023829,-0.0043449,-0.00049947
0.0023846,-0.0078518,-0.00051911
0.0023863,-0.0078518,-0.00052807
0.002388,-0.0078518,-0.00053573
0.0023897,-0.0078518,-0.00052451
0.0023914,-0.0019365,-0.00053271
0.0023931,0.004659,-0.00055064
0.0023948,-0.0034028,-0.00054252
0.0023965,0,-0.00056232
0.0023982,-0.0069615,-0.00055319
0.0023999,-0.0078518,-0.00054867
0.0024016,-0.0016223,-0.00054821
0.0024033,-0.0078518,-0.00053037
0.002405,-0.0037169,-0.00054658
0.0024067,-0.0053911,-0.0005426
0.0024084,-0.0066474,-0.00054159
0.0024101,-0.015704,-0.00054063
0.0024118,-0.015704,-0.0005511
0.0024135,0,-0.00054486
0.0024152,-0.0040311,-0.00053129
0.0024169,-0.0027748,-0.00052547
0.0024186,-0.0015185,-0.00050659
0.0024203,-0.00052456,-0.00052807
0.002422,-0.01471,-0.00051868
0.0024237,-0.0078518,-0.00051102
0.0024254,-0.0078518,-0.00051203
0.0024271,-0.0078518,-0.00051035
0.0024288,-0.013871,-0.00051257
0.0024305,-0.015127,-0.00051504
0.0024322,-0.0071719,-0.00049503
0.0024339,0,-0.00048565
0.0024356,-0.0046594,-0.00049783
0.0024373,-0.011255,-0.00050294
0.002439,-0.0057049,-0.00048125
0.0024407,-0.0078518,-0.00048138
0.0024424,-0.0082174,-0.00044787
0.0024441,-0.0078518,-0.00047024
0.0024458,-0.0057564,-0.00045499
0.0024475,-0.011569,-0.00045864
0.0024492,-0.002461,-0.00046169
0.0024509,-0.006647,-0.00045462
0.0024526,-0.0078518,-0.00043389
0.0024543,0,-0.00044117
0.002456,-0.0052877,-0.0004191
0.0024577,-0.015704,-0.00043385
0.0024594,-0.012928,-0.00042128
0.0024611,-0.015704,-0.00039859
0.0024628,-0.008377,-0.00038988
0.0024645,-0.0068581,-0.00038598
0.0024662,-0.013454,-0.00035399
0.0024679,-0.014864,-0.00036262
0.0024696,-0.0078518,-0.00034343
0.0024713,-0.0078518,-0.00033921
0.002473,-0.007275,-0.00033916
0.0024747,-0.00067948,-0.00032597
0.0024764,0,-0.00029875
0.0024781,-0.0078518,-0.0002882
0.0024798,-0.0123,-0.00027765
0.0024815,-0.009999,-0.00026425
0.0024832,-0.0078518,-0.00026353
0.0024849,-0.0082171,-0.00022773
0.0024866,0,-0.00022178
0.0024883,-0.0028779,-0.00021002
0.00249,-0.0041341,-0.0001892
0.0024917,-0.0078518,-0.00015587
0.0024934,-0.0078518,-0.00016085
0.0024951,-0.0079029,-0.00013882
0.0024968,-0.0013074,-0.0001292
0.0024985,0,-0.0001367
0.0025002,-0.0078518,-0.00010416
0.0025019,-0.0078518,-8.3928e-05
0.0025036,-0.0063325,-6.8309e-05
0.0025053,-0.00026299,-5.068e-05
0.002507,-0.008845,-5.3859e-05
0.0025087,0,-2.6437e-05
0.0025104,-0.0026657,-2.1406e-05
0.0025121,-0.0030897,1.1e-05
0.0025138,-0.0078518,-8.177e-06
0.0025155,0,2.562e-05
0.0025172,0.0064935,1.3764e-05
0.0025189,-0.003981,6.2385e-05
0.0025206,0,5.0997e-05
0.0025223,0,6.5108e-05
0.002524,-0.0078518,7.4948e-05
0.0025257,0,6.3098e-05
0.0025274,-0.015339,0.00010007
0.0025291,0.0016212,8.7714e-05
0.0025308,-0.0078518,0.00011494
0.0025325,-0.0041338,0.00012189
0.0025342,-0.00539,0.00011461
0.0025359,-0.0078518,0.000102
0.0025376,-5.0813e-05,0.0001064
0.0025393,0,0.00012415
0.002541,-0.0051267,0.00013558
0.0025427,-0.0038196,0.0001381
0.0025444,-0.0078518,0.00012298
0.0025461,0,0.00011487
0.0025478,0,0.00011871
0.0025495,0,0.00012989
0.0025512,-0.0022492,0.00011892
0.0025529,-0.0035055,0.00011196
0.0025546,-0.0047617,0.00010502
0.0025563,-0.0096855,6.8667e-05
0.002558,-0.0072743,6.1461e-05
0.0025597,-0.0078518,4.2455e-05
0.0025614,-0.0059167,4.2082e-05
0.0025631,-0.011043,2.124e-06
0.0025648,0,-3.0167e-05
0.0025665,-0.0078518,-1.9865e-05
0.0025682,-0.0017833,-3.9544e-05
0.0025699,-0.00036461,-8.0629e-05
0.0025716,-0.0078518,-9.076e-05
0.0025733,-0.010729,-0.0001158
0.002575,-0.01157,-0.00014093
0.0025767,-0.010314,-0.00017397
0.0025784,0,-0.0001792
0.0025801,-0.0078013,-0.00020784
0.0025818,-0.014397,-0.00023389
0.0025835,-0.002563,-0.00027912
0.0025852,-0.0040325,-0.00026136
0.0025869,-0.0078518,-0.00031894
0.0025886,-0.0078518,-0.00033456
0.0025903,-0.0078518,-0.00035826
0.002592,-0.00099257,-0.00038121
0.0025937,-0.021306,-0.00038808
0.0025954,-0.0035051,-0.00040805
0.0025971,-0.0095227,-0.00043004
0.0025988,-0.0078518,-0.00046966
0.0026005,-0.00057785,-0.00045269
0.0026022,-0.0078518,-0.00046006
0.0026039,-0.0019347,-0.00051559
0.0026056,-0.0078518,-0.00049784
0.0026073,-0.019108,-0.00053435
0.002609,-0.0078518,-0.00054175
0.0026107,-0.0087438,-0.00055876
0.0026124,-0.0078518,-0.00055918
0.0026141,-0.0078518,-0.00055449
0.0026158,-0.012827,-0.00057832
0.0026175,-0.0078518,-0.0005684
0.0026192,-0.0053893,-0.00058103
0.0026209,-0.0078518,-0.00060151
0.0026226,-0.015603,-0.00057836
0.0026243,-0.0078518,-0.00059925
0.002626,-0.0025626,-0.00061601
0.0026277,-0.0076378,-0.0006065
0.0026294,0,-0.00059647
0.0026311,-0.0078518,-0.00059453
0.0026328,-0.0078518,-0.00062144
0.0026345,-0.0068595,-0.00060265
0.0026362,-0.004497,-0.00060524
0.0026379,-0.0078518,-0.00059997
0.0026396,-0.014033,-0.00060211
0.0026413,-0.0060173,-0.00060826
0.002643,0.0066953,-0.00057971
0.0026447,0.0064956,-0.00059034
0.0026464,0,-0.00057832
0.0026481,-0.0078518,-0.00057184
0.0026498,-0.0044469,-0.00057749
0.0026515,-0.0057031,-0.00058057
0.0026532,0,-0.00058731
0.0026549,-0.0074879,-0.0005358
0.0026566,-0.0048605,-0.00053196
0.0026583,-0.0078518,-0.00052533
0.00266,-0.0037191,-0.00053501
0.0026617,0,-0.00052413
0.0026634,-0.0078518,-0.00050729
0.0026651,-0.007802,-0.00050294
0.0026668,0.0039337,-0.00049666
0.0026685,-0.0078518,-0.00049256
0.0026702,-0.01167,-0.00048087
0.0026719,0,-0.0004697
0.0026736,0,-0.0004616
0.0026753,-0.0075874,-0.00042234
0.002677,-0.0078518,-0.00041659
0.0026787,-0.013455,-0.000415
0.0026804,-0.012199,-0.00039403
0.0026821,0,-0.00037484
0.0026838,-0.0078518,-0.00037731
0.0026855,-0.0078518,-0.00034776
0.0026872,0,-0.00033389
0.0026889,-0.001934,-0.00033016
0.0026906,-0.0063805,-0.00031823
0.0026923,-0.0078518,-0.00029482
0.002694,-0.0078518,-0.00030597
0.0026957,-0.0096372,-0.00029423
0.0026974,-0.00036355,-0.00025343
0.0026991,-0.0078518,-0.00027033
0.0027008,0.0028761,-0.00024938
0.0027025,-0.0037194,-0.00024177
0.0027042,-0.0053886,-0.00024146
0.0027059,-0.005438,-0.00022221
0.0027076,0,-0.00022028
0.0027093,0,-0.00021819
0.002711,-0.010414,-0.00018874
0.0027127,-0.0078518,-0.00019481
0.0027144,-0.0050745,-0.00015969
0.0027161,0.001521,-0.00018279
0.0027178,0,-0.00014596
0.0027195,-0.00099151,-0.00013393
0.0027212,-0.013456,-0.00014042
0.0027229,-0.0078518,-0.00011349
0.0027246,-0.012612,-0.00012606
0.0027263,-0.0078518,-0.00012793
0.002728,-0.0078518,-0.00011303
0.0027297,-0.0071744,-0.00011707
0.0027314,0,-9.9291e-05
0.0027331,-0.0063798,-9.838e-05
0.0027348,-0.0078518,-5.7794e-05
0.0027365,0.0035531,-7.184e-05
0.0027382,-0.013917,-5.4252e-05
0.0027399,-0.00036319,-6.3243e-05
0.0027416,-0.0078518,-4.0709e-05
0.0027433,-0.0057515,-6.3243e-05
0.002745,0,-6.5889e-05
0.0027467,-0.0078518,-4.637e-05
0.0027484,-0.0078518,-5.503e-05
0.0027501,-0.0079008,-2.5829e-05
0.0027518,-0.014398,-4.0206e-05
0.0027535,-0.0078518,-6.5292e-05
0.0027552,-0.0076357,-7.2406e-05
0.0027569,-0.0078518,-5.6962e-05
0.0027586,0,-7.1959e-05
0.0027603,0,-5.7174e-05
0.002762,-0.0058695,-8.1294e-05
0.0027637,-0.013456,-8.1177e-05
0.0027654,-0.0078518,-7.6481e-05
0.0027671,-0.0078518,-6.7994e-05
0.0027688,0.0041807,-9.3182e-05
0.0027705,-0.0072725,-0.00010232
0.0027722,-0.0078518,-0.00011241
0.0027739,0.0078518,-0.00012915
0.0027756,-0.0031895,-0.00012095
0.0027773,-0.0044458,-0.00013779
0.002779,-0.0078518,-0.0001529
0.0027807,-0.00089343,-0.00017074
0.0027824,0.0074889,-0.00016945
0.0027841,-0.0016191,-0.00018129
0.0027858,-0.0049764,-0.00018657
0.0027875,-0.0078518,-0.00021069
0.0027892,0.0029241,-0.00021597
0.0027909,0,-0.00022463
0.0027926,-0.0079004,-0.00024537
0.0027943,-0.0078518,-0.0002454
0.002796,-0.013142,-0.00026015
0.0027977,-0.0078518,-0.00027053
0.0027994,-0.0050738,-0.00027903
0.0028011,-0.0015217,-0.00029809
0.0028028,-0.0081172,-0.000303
0.0028045,-0.0078518,-0.00029883
0.0028062,-0.0078518,-0.00031181
0.0028079,-0.0086969,-0.00033122
0.0028096,-0.0047596,-0.00032459
0.0028113,-0.0036718,-0.00033669
0.002813,0,-0.00037011
0.0028147,-0.0071751,-0.00034374
0.0028164,0,-0.00035219
0.0028181,-0.0046626,-0.00035847
0.0028198,-0.0034063,-0.00036558
0.0028215,-0.013553,-0.00037731
0.0028232,-0.00089378,-0.00040515
0.0028249,-0.0078518,-0.00039616
0.0028266,0,-0.00040743
0.0028283,-0.0021017,-0.00040766
0.00283,-0.0041313,-0.00042822
0.0028317,-0.0024642,-0.00042289
0.0028334,-0.0066438,-0.00043674
0.0028351,0.0078034,-0.00045254
0.0028368,-0.0078518,-0.00043385
0.0028385,-0.0052909,-0.00044641
0.0028402,-0.0038171,-0.00047171
0.0028419,-0.012925,-0.00045085
0.0028436,0.0048076,-0.00047032
0.0028453,-0.0078518,-0.00048389
0.002847,-0.0068613,-0.00045507
0.0028487,-0.0078518,-0.00046525
0.0028504,-0.0078518,-0.00047153
0.0028521,-0.0078518,-0.00046659
0.0028538,-0.0060155,-0.00045563
0.0028555,0,-0.0004876
0.0028572,-0.00067629,-0.00047565
0.0028589,-0.021623,-0.00044641
0.0028606,-0.0063776,-0.00043895
0.0028623,-0.0044451,-0.0004265
0.002864,-0.0078518,-0.00043213
0.0028657,0.0069576,-0.00042542
0.0028674,0,-0.00040215
0.0028691,-0.0016184,-0.00039357
0.0028708,0,-0.00037501
0.0028725,-0.0078518,-0.00036177
0.0028742,-0.013239,-0.00033334
0.0028759,0.0054352,-0.00031112
0.0028776,-0.0078518,-0.00031461
0.0028793,-0.0078518,-0.00031241
0.002881,0,-0.00028719
0.0028827,-0.015704,-0.00025203
0.0028844,-0.005073,-0.00023139
0.0028861,-0.0063293,-0.00025047
0.0028878,-0.0075856,-0.00020143
0.0028895,-0.00099009,-0.00021949
0.0028912,0,-0.00018081
0.0028929,-0.0078518,-0.00018675
0.0028946,-0.0078518,-0.00016508
0.0028963,-0.0018366,-0.00016709
0.002898,0,-0.00014583
0.0028997,0.0078518,-0.0001449
0.0029014,0.0078518,-0.00013698
0.0029031,-0.0078518,-0.00015609
0.0029048,0,-0.00012689
0.0029065,-0.005701,-0.00012606
0.0029082,-0.00089449,-0.00014077
0.0029099,-0.00036178,-0.00014461
0.0029116,-0.0062337,-0.0001425
0.0029133,-0.0078518,-0.0001472
0.002915,-0.0041306,-0.00015681
0.0029167,-0.015704,-0.00016338
0.0029184,-0.0066431,-0.00016423
0.0029201,-0.0078041,-0.00018887
0.0029218,0,-0.00022343
0.0029235,0.0027314,-0.00023721
0.0029252,-0.0078518,-0.00023284
0.0029269,-0.010145,-0.00024135
0.0029286,-0.014181,-0.00027316
0.0029303,-0.0078518,-0.00027032
0.002932,-0.014714,-0.00029486
0.0029337,-0.0056058,-0.0003163
0.0029354,-0.0035023,-0.0003089
0.0029371,-0.0030932,-0.00034838
0.0029388,-0.0078518,-0.00035219
0.0029405,-0.015123,-0.00036382
0.0029422,-0.0078518,-0.00036529
0.0029439,-0.01776,-0.00038669
0.0029456,-0.0046636,-0.00039243
0.0029473,-0.0068148,-0.00041145
0.002949,-0.0078518,-0.000415
0.0029507,-0.0078518,-0.000415
0.0029524,0,-0.00043298
0.0029541,-0.0016177,-0.00043864
0.0029558,-0.0057479,-0.00042297
0.0029575,-0.0078518,-0.00042459
0.0029592,-0.0078518,-0.00043618
0.0029609,-0.0066428,-0.00044206
0.0029626,-0.0078045,-0.00045905
0.0029643,-0.0078518,-0.00042757
0.002966,-0.005292,-0.00044231
0.0029677,-0.0078518,-0.00044641
0.0029694,-0.0078518,-0.00044052
0.0029711,-0.0063286,-0.00044397
0.0029728,-0.00026689,-0.00043342
0.0029745,-0.0068624,-0.00040323
0.0029762,-0.010097,-0.00040423
0.0029779,-0.0078518,-0.00041839
0.0029796,-0.0047582,-0.00039635
0.0029813,-0.0096891,-0.00038988
0.002983,-0.0078518,-0.00036661
0.0029847,-0.0071765,-0.00040082
0.0029864,-0.013772,-0.00036311
0.0029881,-0.01104,-0.0003622
0.0029898,-0.0078518,-0.00036037
0.0029915,-0.0057003,-0.00037103
0.0029932,-0.0078518,-0.00034662
0.0029949,-0.0078518,-0.00034648
0.0029966,-0.014086,-0.00030582
0.0029983,-0.01283,-0.0003191
0.003,-0.0041299,-0.00030524
0.0030017,-0.0053861,-0.00030391
0.0030034,-0.0078518,-0.00031353
0.0030051,-0.015657,-0.00029547
0.0030068,-0.0078518,-0.0002747
0.0030085,-0.0078518,-0.00026616
0.0030102,-0.0076314,-0.00027053
0.0030119,-0.005072,-0.00026347
0.0030136,-0.0015235,-0.00025047
0.0030153,-0.0078518,-0.00023934
0.003017,-0.0078518,-0.00022656
0.0030187,-0.0056065,-0.00023015
0.0030204,-0.0087004,-0.00023004
0.0030221,-0.0078518,-0.00022142
0.0030238,-0.0078518,-0.00023805
0.0030255,-0.0090146,-0.00023051
0.0030272,-0.0071769,-0.00021758
0.0030289,-0.0097829,-0.00021091
0.0030306,-0.0078518,-0.00018887
0.0030323,-0.0078518,-0.00019681
0.003034,-0.0056999,-0.00016091
0.0030357,-0.015704,-0.0001589
0.0030374,-0.007491,-0.00017003
0.0030391,-0.001617,-0.00018148
0.0030408,-0.0078518,-0.00017233
0.0030425,-0.00040727,-0.00017398
0.0030442,-0.010772,-0.00016214
0.0030459,-0.0090615,-0.00014249
0.0030476,-0.0078518,-0.00015133
0.0030493,-0.0065489,-0.00014699
0.003051,-0.0052927,-0.00016361
0.0030527,-0.0040364,-0.00016662
0.0030544,-0.0078518,-0.00016375
0.0030561,-0.0015239,-0.00017893
0.0030578,-0.0002676,-0.0001828
0.0030595,0.0058744,-0.00019906
0.0030612,-0.0056068,-0.00018348
0.0030629,-0.0035012,-0.00019931
0.0030646,-0.0078518,-0.00020505
0.0030663,-0.0078518,-0.00021587
0.003068,-0.0078518,-0.00023331
0.0030697,-0.0071772,-0.00022244
0.0030714,-0.0078518,-0.00024705
0.0030731,-0.0063741,-0.00026543
0.0030748,-0.0088866,-0.00026887
0.0030765,-0.010004,-0.00028937
0.0030782,-0.014808,-0.00028722
0.0030799,-0.00036036,-0.00031508
0.0030816,-0.0062351,-0.00032207
0.0030833,-0.0028729,-0.00034652
0.003085,0,-0.00034888
0.0030867,0,-0.00037695
0.0030884,0,-0.00036572
0.0030901,-4.6202e-05,-0.00039002
0.0030918,-0.0078518,-0.00041607
0.0030935,-0.005293,-0.00042128
0.0030952,-0.003815,-0.00044336
0.0030969,0,-0.00043869
0.0030986,-0.0063275,-0.00045513
0.0031003,-0.015436,-0.00047218
0.003102,-0.0068634,-0.00048252
0.0031037,-0.0078518,-0.00048948
0.0031054,0,-0.00050294
0.0031071,0,-0.00050028
0.0031088,-0.012027,-0.00050775
0.0031105,-0.015121,-0.00052807
0.0031122,-0.0078518,-0.00052017
0.0031139,0,-0.00052972
0.0031156,-0.012517,-0.0005267
0.0031173,-0.0088859,-0.00052451
0.003119,-0.011398,-0.00051439
0.0031207,-0.00089626,-0.00050922
0.0031224,-0.00036,-0.0005098
0.0031241,-0.0062355,-0.00052419
0.0031258,-0.013597,-0.00050126
0.0031275,-0.0041288,-0.00049698
0.0031292,0.0024667,-0.00050564
0.0031309,-0.0024208,-0.00046719
0.0031326,0,-0.0004589
0.0031343,-0.0065496,-0.00046213
0.003136,-0.0078518,-0.0004445
0.0031377,-0.011666,-0.00041788
0.0031394,0,-0.00040466
0.0031411,0,-0.000385
0.0031428,-0.0075835,-0.00036432
0.0031445,-0.00098796,-0.00034433
0.0031462,0.0022442,-0.0003145
0.0031479,-0.0078518,-0.00030262
0.0031496,-0.0078518,-0.00030308
0.0031513,-0.0096905,-0.00028349
0.003153,-0.0078518,-0.00024447
0.0031547,-0.007178,-0.0002323
0.0031564,0,-0.00021719
0.0031581,-0.0046654,-0.00018496
0.0031598,-0.0034092,-0.00017003
0.0031615,-0.0021529,-0.00017519
0.0031632,0,-0.00015675
0.0031649,-0.0074921,-0.00014576
0.0031666,0.0046199,-0.00012125
0.0031683,0.0028722,-0.00010384
